company_id,year,return_on_equity_pct,debt_to_equity,interest_coverage,asset_turnover,dividend_payout_ratio
ABB,Mar 2016,21.338912133891213,0.0,121.66666666666669,1.6175742574257426,11.372549019607844
ABB,Mar 2016,21.338912133891213,0.0,121.66666666666669,1.6175742574257426,11.372549019607844
ABB,Mar 2017,19.971160778658977,0.0,199.0,1.40513068731849,11.1913357400722
ABB,Mar 2017,19.971160778658977,0.0,199.0,1.40513068731849,11.1913357400722
ABB,Mar 2018,23.685764914353214,0.0,131.25,1.365066225165563,7.231920199501247
ABB,Mar 2018,23.685764914353214,0.0,131.25,1.365066225165563,7.231920199501247
ABB,Mar 2019,22.41035856573705,0.0,302.5,1.2509350561033663,6.888888888888889
ABB,Mar 2019,22.41035856573705,0.0,302.5,1.2509350561033663,6.888888888888889
ABB,Mar 2020,24.39325380501851,0.071986836692719,84.11111111111111,1.153932901043135,15.177065767284992
ABB,Mar 2020,24.39325380501851,0.071986836692719,84.11111111111111,1.153932901043135,15.177065767284992
ABB,Mar 2021,26.5564950038432,0.0588009223674096,51.22222222222222,1.1223958333333333,12.301013024602025
ABB,Mar 2021,26.5564950038432,0.0588009223674096,51.22222222222222,1.1223958333333333,12.301013024602025
ABB,Mar 2022,28.33333333333333,0.0539007092198581,56.94736842105263,1.1631155303030305,9.136420525657073
ABB,Mar 2022,28.33333333333333,0.0539007092198581,56.94736842105263,1.1631155303030305,9.136420525657073
ABB,Mar 2023,29.767879548306148,0.0354454203262233,75.375,1.1740561896400352,7.6923076923076925
ABB,Mar 2023,29.767879548306148,0.0354454203262233,75.375,1.1740561896400352,7.6923076923076925
ABB,Mar 2024,32.46823465801568,0.0224384968910516,121.08333333333331,1.1263238975544,6.078268109908409
ABB,Mar 2024,32.46823465801568,0.0224384968910516,121.08333333333331,1.1263238975544,6.078268109908409
ADANIPORTS,Mar 2024,15.3548827162833,0.937322369168972,5.703988291255032,0.2283010965905691,0.1974333662388943
ADANIPORTS,Mar 2024,15.3548827162833,0.937322369168972,5.703988291255032,0.2283010965905691,0.1974333662388943
ADANIPOWER,Mar 2024,48.27674122146251,0.8023177656738903,5.380165289256198,0.5472399439185297,0.0
APOLLOHOSP,Mar 2022,19.704783923172684,0.723457229237062,5.775725593667546,1.1057235502601614,1.444043321299639
ASIANPAINT,Mar 2013,34.2789598108747,0.0741725768321513,41.35714285714285,1.5483490566037736,3.4482758620689653
ASIANPAINT,Mar 2013,34.2789598108747,0.0741725768321513,41.35714285714285,1.5483490566037736,3.4482758620689653
ASIANPAINT,Mar 2014,31.27011636543699,0.0616489230007427,41.75,1.513312693498452,3.32541567695962
ASIANPAINT,Mar 2014,31.27011636543699,0.0616489230007427,41.75,1.513312693498452,3.32541567695962
ASIANPAINT,Mar 2015,30.09278785322649,0.0881484605651623,53.40476190476191,1.527372672201032,2.943237561317449
ASIANPAINT,Mar 2015,30.09278785322649,0.0881484605651623,53.40476190476191,1.527372672201032,2.943237561317449
ASIANPAINT,Mar 2016,27.632183908045977,0.0495019157088122,55.61224489795919,1.351548442087319,2.273987798114254
ASIANPAINT,Mar 2016,27.632183908045977,0.0495019157088122,55.61224489795919,1.351548442087319,2.273987798114254
ASIANPAINT,Mar 2017,26.512361914781696,0.0736454497632824,80.91891891891892,1.2141878274889155,2.5297619047619047
ASIANPAINT,Mar 2017,26.512361914781696,0.0736454497632824,80.91891891891892,1.2141878274889155,2.5297619047619047
ASIANPAINT,Mar 2018,24.94649227110583,0.0633769322235434,78.14634146341463,1.2224805638305605,1.9542421353670163
ASIANPAINT,Mar 2018,24.94649227110583,0.0633769322235434,78.14634146341463,1.2224805638305605,1.9542421353670163
ASIANPAINT,Mar 2019,23.3132720937599,0.1393728222996515,34.22727272727273,1.1840728660225244,2.1286231884057973
ASIANPAINT,Mar 2019,23.3132720937599,0.1393728222996515,34.22727272727273,1.1840728660225244,2.1286231884057973
ASIANPAINT,Mar 2020,27.38400789733465,0.1103652517275419,40.75490196078432,1.2523856735654977,1.5501081470800289
ASIANPAINT,Mar 2020,27.38400789733465,0.1103652517275419,40.75490196078432,1.2523856735654977,1.5501081470800289
ASIANPAINT,Mar 2021,25.042948617835396,0.0853506168983289,52.78260869565217,1.0667157946450505,1.7149984409105083
ASIANPAINT,Mar 2021,25.042948617835396,0.0853506168983289,52.78260869565217,1.0667157946450505,1.7149984409105083
ASIANPAINT,Mar 2022,22.335650159281784,0.114900086880973,50.56842105263158,1.2675755727850857,1.9773095623987036
ASIANPAINT,Mar 2022,22.335650159281784,0.114900086880973,50.56842105263158,1.2675755727850857,1.9773095623987036
ASIANPAINT,Mar 2023,26.23186593296648,0.1208729364682341,43.47222222222222,1.3378719112455877,1.430274135876043
ASIANPAINT,Mar 2023,26.23186593296648,0.1208729364682341,43.47222222222222,1.3378719112455877,1.430274135876043
ASIANPAINT,Mar 2024,29.677488252883386,0.1321016659547202,37.0,1.187084044011906,1.043540842029507
ASIANPAINT,Mar 2024,29.677488252883386,0.1321016659547202,37.0,1.187084044011906,1.043540842029507
BAJAJ-AUTO,Mar 2013,38.84686918784873,0.0143831370117792,3656.0,1.5840056953013764,1.3405681455473986
BAJAJ-AUTO,Mar 2013,38.84686918784873,0.0143831370117792,3656.0,1.5840056953013764,1.3405681455473986
BAJAJ-AUTO,Mar 2014,33.24481164551982,0.0058030884233303,4163.0,1.3154559707342566,1.272189349112426
BAJAJ-AUTO,Mar 2014,33.24481164551982,0.0058030884233303,4163.0,1.3154559707342566,1.272189349112426
BAJAJ-AUTO,Mar 2015,27.273546642631818,0.0100946372239747,688.0,1.3525616935988976,1.5862524785194978
BAJAJ-AUTO,Mar 2015,27.273546642631818,0.0100946372239747,688.0,1.3525616935988976,1.5862524785194978
BAJAJ-AUTO,Mar 2016,28.96576319543509,0.008416547788873,4793.0,1.3093967517401393,0.9603545924649102
BAJAJ-AUTO,Mar 2016,28.96576319543509,0.008416547788873,4793.0,1.3093967517401393,0.9603545924649102
BAJAJ-AUTO,Mar 2017,22.843862007168457,0.0067204301075268,4429.0,1.0054071540807838,0.956116695268448
BAJAJ-AUTO,Mar 2017,22.843862007168457,0.0067204301075268,4429.0,1.0054071540807838,0.956116695268448
BAJAJ-AUTO,Mar 2018,20.656058751529983,0.0059241126070991,4846.0,1.0027445209021122,0.9717942640436122
BAJAJ-AUTO,Mar 2018,20.656058751529983,0.0059241126070991,4846.0,1.0027445209021122,0.9717942640436122
BAJAJ-AUTO,Mar 2019,21.21120819523953,0.0053802780527697,1299.5,1.0528542692654506,0.7102272727272727
BAJAJ-AUTO,Mar 2019,21.21120819523953,0.0053802780527697,1299.5,1.0528542692654506,0.7102272727272727
BAJAJ-AUTO,Mar 2020,24.06056689133044,0.0058166374296002,1703.0,1.1285929837797055,1.2854950115118955
BAJAJ-AUTO,Mar 2020,24.06056689133044,0.0058166374296002,1703.0,1.1285929837797055,1.2854950115118955
BAJAJ-AUTO,Mar 2021,17.808821911780882,0.0044366223004436,705.4285714285714,0.8255758585798464,1.7088737904056004
BAJAJ-AUTO,Mar 2021,17.808821911780882,0.0044366223004436,705.4285714285714,0.8255758585798464,1.7088737904056004
BAJAJ-AUTO,Mar 2022,20.650390167118797,0.0041193609966844,584.3333333333334,0.9440061519182024,1.0703859876743431
BAJAJ-AUTO,Mar 2022,20.650390167118797,0.0041193609966844,584.3333333333334,0.9440061519182024,1.0703859876743431
BAJAJ-AUTO,Mar 2023,20.638921054424088,0.0042231455622913,161.625,1.037539845173042,1.0726072607260726
BAJAJ-AUTO,Mar 2023,20.638921054424088,0.0042231455622913,161.625,1.037539845173042,1.0726072607260726
BAJAJ-AUTO,Mar 2024,26.61418410330778,0.0660175402251225,146.08333333333334,1.1404534363562424,0.3762324857291126
BAJAJ-AUTO,Mar 2024,26.61418410330778,0.0660175402251225,146.08333333333334,1.1404534363562424,0.3762324857291126
BEL,Mar 2019,3851.020408163265,0.9591836734693876,181.8125,96.53968253968254,2.3317435082140965
BEL,Mar 2020,3318.181818181818,0.8,344.875,106.29508196721312,2.0273972602739727
BEL,Mar 2021,3559.322033898305,0.8305084745762712,321.4,92.82236842105264,2.1904761904761907
BEL,Mar 2022,3478.260869565217,0.8405797101449275,371.55555555555554,94.28220858895706,1.9166666666666663
BEL,Mar 2023,3981.333333333333,0.52,215.26315789473685,123.15277777777776,1.4735432016075016
BEL,Mar 2024,4744.047619047619,0.5119047619047619,420.9166666666667,125.88819875776396,1.0037641154328731
BHEL,Mar 2013,21.90906412648532,0.0883171298569511,74.0859375,0.6809295719735999,0.2988196623337815
BOSCHLTD,Dec 2012,17.19002332675399,0.0412704109097434,225.0,1.0957985320172108,2.0876826722338206
BOSCHLTD,Mar 2015,18.211514904042467,0.0151082074316047,141.5,1.1586616815262198,1.4947683109118086
BOSCHLTD,Mar 2016,16.056633455689564,0.0052438384897745,144.46153846153845,0.7802622054210568,1.1103853690398433
BOSCHLTD,Mar 2017,19.786339356745085,0.0,72.70370370370371,0.8843220338983051,1.665709362435382
BOSCHLTD,Mar 2019,17.508491289580366,0.0,165.69230769230768,0.9508261211644374,1.1889862327909888
BOSCHLTD,Mar 2024,20.639920424403183,0.0032327586206896,41.07843137254902,0.9638144626908672,1.7670682730923692
BPCL,Mar 2016,29.103403612290425,0.8414765776786357,19.075,2.173231353127676,0.3090616887130671
BPCL,Mar 2024,35.511337343822305,0.7218747934157467,10.62472885032538,2.213651947949293,0.1228638445213894
BRITANNIA,Mar 2013,46.59498207885305,0.6810035842293907,10.268292682926829,3.2846521508231548,15.0
BRITANNIA,Mar 2014,49.49874686716792,0.18796992481203,78.375,3.280968201233982,9.113924050632912
BRITANNIA,Mar 2015,55.34136546184739,0.1164658634538152,217.5,2.8134622269960614,4.063860667634253
BRITANNIA,Mar 2016,39.4359464627151,0.0626195028680688,244.8,2.403262736119061,3.5151515151515147
BRITANNIA,Mar 2017,32.826409495548965,0.0463649851632047,255.6,2.203455828668776,3.389830508474576
BRITANNIA,Mar 2018,29.47739283617146,0.059013505578391,187.625,1.9109483423284503,2.98804780876494
BRITANNIA,Mar 2019,27.157300728897248,0.0366799905948742,192.44444444444449,1.7722026290477717,2.683982683982684
BRITANNIA,Mar 2020,31.66023166023166,0.3493072904837611,23.935064935064936,1.4814814814814814,4.304160688665711
BRITANNIA,Mar 2021,52.17023675310034,0.5980834272829764,22.6036036036036,1.642,11.021069692058347
BRITANNIA,Mar 2022,59.26505082095387,0.9698983580922595,15.28472222222222,1.8780390593862095,5.8707124010554095
BRITANNIA,Mar 2023,65.53480475382003,0.8480475382003395,16.75147928994083,1.743236017538231,3.2383419689119166
BRITANNIA,Mar 2024,54.14869322506978,0.5239786856127886,19.3109756097561,1.8484347442680773,3.889409559512652
CIPLA,Mar 2013,17.130502272979268,0.107218095132498,24.755102040816325,0.7101561159718648,0.6472491909385114
CIPLA,Mar 2024,15.554557028383137,0.0209316258518684,35.29528985507246,0.7922417237881536,0.601829561868079
COALINDIA,Mar 2013,35.80623865324311,0.0269227595312757,5.737659963436928,0.6154365983979528,0.2938465084120765
COALINDIA,Mar 2014,35.63814734459013,0.0041977171964908,7.370902496861487,0.6728544473879815,0.8006881948120699
COALINDIA,Mar 2015,34.01729735087849,0.0101107724332763,8.641856925418569,0.6661453980065968,0.6920667298025788
COALINDIA,Mar 2016,40.95828668216921,0.0344213820227944,9.959084020878937,0.6856375484325467,0.8481110254433308
COALINDIA,Mar 2017,37.84974304592544,0.1229300921771759,12.361926260346126,0.6591278976616324,1.4331896551724137
COALINDIA,Mar 2018,34.87957181088314,0.0762216275151154,15.26753768844221,0.6793920507527635,2.0744529695936342
COALINDIA,Mar 2019,66.01398601398601,0.0835380835380835,12.783510455947892,0.7486487096022433,0.2633989922125515
COALINDIA,Mar 2020,51.93270516528283,0.2000808533134309,11.561142147734326,0.64044794027463,0.2634730538922156
COALINDIA,Mar 2021,34.78284681526918,0.1611260200449093,19.08017103153394,0.5589906302972351,0.6140765233821445
COALINDIA,Mar 2022,40.27999907285075,0.0814500614236376,21.985256078634247,0.6114436344992086,0.3452641270571988
COALINDIA,Mar 2023,52.13911214108443,0.0711832092434626,14.332317073170731,0.6244557263907207,0.1481574882577309
COALINDIA,Mar 2024,45.16982956605826,0.0788468512027076,11.237732253454023,0.6018691588785047,0.1123926249029944
DABUR,Mar 2013,36.56324582338903,0.5494033412887828,16.8135593220339,1.3038861754087916,4.43864229765013
DABUR,Mar 2014,34.48795180722892,0.2665662650602409,21.51851851851852,1.3286897590361446,3.602620087336245
DABUR,Mar 2015,31.84257602862254,0.2188431723315444,33.0,1.2766131673763512,3.089887640449438
DABUR,Mar 2016,30.064732678014867,0.192999280748022,31.625,1.122331217541835,2.5518341307815
DABUR,Mar 2017,26.408087476789767,0.2011553538271095,28.0,0.9847387480600104,2.421875
DABUR,Mar 2018,23.79950928846828,0.1643883631265334,30.50943396226415,0.8873822109859802,5.964653902798233
DABUR,Mar 2019,25.67471590909091,0.1241122159090909,29.0,1.0092449922958395,2.351313969571231
DABUR,Mar 2020,21.91946715107478,0.0790190735694822,35.84,0.9301702902431188,2.5552486187845305
DABUR,Mar 2021,22.11638830897704,0.0664144050104384,64.58064516129032,0.8826733130250162,2.949852507374631
DABUR,Mar 2022,20.78262944404677,0.1228823669768551,57.74358974358975,0.8864376424617388,3.0424799081515497
DABUR,Mar 2023,18.956870611835505,0.1308369553103755,27.71794871794872,0.8445648989159098,3.1746031746031744
DABUR,Mar 2024,18.355969997972835,0.1383539428339752,19.35483870967742,0.8205874569992061,2.926559911651021
DIVISLAB,Mar 2013,24.07037185125949,0.0131947221111555,272.0,0.6833386428798981,5.48172757475083
DIVISLAB,Mar 2014,26.07962213225371,0.0060728744939271,339.3333333333333,0.6824797843665769,4.3984476067270375
DIVISLAB,Mar 2015,24.37070938215103,0.0077231121281464,391.0,0.7071509648127128,3.63849765258216
DIVISLAB,Mar 2016,26.22874446773818,0.0097833682739343,284.6,0.7709269089424254,2.131438721136768
DIVISLAB,Mar 2017,19.787194325182007,0.0067201792047787,483.3333333333333,0.6602761982128351,2.358490566037736
DIVISLAB,Mar 2019,19.44803794739112,0.015236452493891,374.8,0.6154803384768541,2.2912047302291203
DIVISLAB,Mar 2020,18.83720930232558,0.0053351573187414,260.85714285714283,0.6322822646817489,2.251270878721859
DIVISLAB,Mar 2021,21.34480903711673,0.0005379236148466,1433.5,0.6470151332281125,1.3608870967741935
DIVISLAB,Mar 2022,25.2387448840382,0.0003410641200545,1942.5,0.6706586826347305,0.9121621621621622
DMART,Mar 2014,16.84100418410042,0.6705020920502092,6.089285714285714,2.5918141592920354,0.0
DMART,Mar 2015,17.666666666666668,0.7533333333333333,6.333333333333333,2.7341825902335457,0.0
DMART,Mar 2016,21.038790269559502,0.7836949375410914,7.296703296703296,2.7672469374597037,0.0
DMART,Mar 2018,17.262797172842152,0.0940244163632469,22.55,2.66165014164306,0.0
DMART,Mar 2019,16.144621442634687,0.1252908537676749,34.744680851063826,2.8554096488723952,0.0
DRREDDY,Mar 2013,23.97550635892605,0.5781127335531481,26.69,0.8843796711509716,1.1132940406024885
DRREDDY,Mar 2014,24.958677685950413,0.5692307692307692,25.598425196850396,0.84339243052936,0.815078960774325
DRREDDY,Mar 2015,23.708515173043743,0.4378361920227342,32.48148148148148,0.8139459283740587,0.6421232876712328
DRREDDY,Mar 2016,16.95441164770467,0.2666878828864667,43.19277108433735,0.7657648794884407,0.7508212106992023
DRREDDY,Mar 2023,19.35497723954307,0.0578459160010306,45.24475524475525,0.7659349871154025,0.3328156201464388
DRREDDY,Mar 2024,19.74233736816026,0.0708572237559283,46.39181286549707,0.7223053120165034,0.2151308712800287
EICHERMOT,Dec 2012,27.065527065527068,0.0131054131054131,137.5,1.4292104674569448,3.578947368421052
EICHERMOT,Dec 2013,25.547445255474454,0.0408759124087591,89.375,1.2759977515458123,4.0
EICHERMOT,Dec 2014,27.90143084260731,0.0230524642289348,111.8,1.3646728096204903,3.133903133903134
EICHERMOT,Mar 2016,36.627429509991785,0.0062961949082945,845.0,1.2498481473982588,1.4947683109118086
EICHERMOT,Mar 2017,31.18802619270346,0.0209541627689429,543.5,1.003424168925667,0.9598080383923214
EICHERMOT,Mar 2018,27.880512091038405,0.021479374110953,561.8,0.9415038857382902,0.7653061224489796
EICHERMOT,Mar 2019,24.702848172235928,0.020968827091276,414.8571428571428,0.8603670852726794,0.6808896958692692
EICHERMOT,Mar 2020,18.30477908025248,0.0249474000601142,114.89473684210526,0.7352610441767068,1.0399562123700057
EICHERMOT,Mar 2023,19.43962641761174,0.019212808539026,123.07142857142856,0.7522658610271903,1.201098146877145
EICHERMOT,Mar 2024,22.172346910501524,0.0232197284566361,84.88235294117646,0.7153796236210254,0.8747813046738315
GAIL,Mar 2013,15.166354101548936,0.5720636243661874,16.9954233409611,0.8522797572271732,0.6411724295855279
GAIL,Mar 2020,19.31273849151579,0.1402939027360558,29.197411003236247,0.9677582939653562,0.3258013662637939
GAIL,Mar 2022,19.19081635836167,0.1437439560782356,75.05445544554455,0.9605110577321296,0.2925877763328999
GODREJCP,Mar 2013,25.505584062782976,0.7413220645940235,11.436781609195402,0.8332683560753736,2.603550295857988
GODREJCP,Mar 2014,21.6953642384106,0.6286092715231788,9.741666666666667,0.913341346153846,2.93040293040293
GODREJCP,Mar 2015,22.639758756668986,0.6302482022732545,12.3125,0.9066301369863012,2.151639344262295
GODREJCP,Mar 2016,19.475041012420903,0.67752519334427,12.9453125,0.8703378448186796,2.888086642599278
GODREJCP,Mar 2017,24.669935873255376,0.7546208977744248,12.383116883116884,0.7162287480680062,2.981651376146789
GODREJCP,Mar 2018,26.110578459571748,0.5605624800255673,12.046242774566474,0.7102567801500288,2.570379436964504
GODREJCP,Mar 2019,32.22787945507087,0.4653914958029448,8.957983193277311,0.7318007662835249,1.8787361229718187
GODREJCP,Mar 2020,18.95416561154723,0.4526462395543175,9.447368421052632,0.6660618279569892,3.674014696058784
GODREJCP,Mar 2021,18.23286365081047,0.1974785464561924,17.384057971014492,0.7742909295141814,0.0
GODREJCP,Mar 2022,15.429214260989962,0.1474558670820353,19.74590163934426,0.7633378932968536,0.0
GRASIM,Mar 2013,19.21961642163097,0.4858320191280459,18.28395061728395,0.6325272533599257,0.2117522498676548
HAL,Mar 2017,1966.9172932330828,0.0150375939849624,202.25,105.58823529411764,1.1850152905198776
HAL,Mar 2018,1528.4615384615386,0.023076923076923,98.85714285714286,111.56024096385542,2.7176648213387016
HAL,Mar 2019,1763.9097744360904,0.0601503759398496,25.8135593220339,114.33142857142856,1.1935208866155158
HAL,Mar 2020,2059.4202898550725,0.0144927536231884,13.5933147632312,123.95953757225432,1.3722730471498945
HAL,Mar 2021,2249.305555555556,0.0416666666666666,20.00374531835206,123.02150537634408,0.9570855202222908
HAL,Mar 2022,3324.183006535948,0.0784313725490196,83.38461538461539,121.88118811881188,0.5112072355485646
HAL,Mar 2023,3283.050847457627,0.2655367231638418,104.203125,99.36531365313652,0.5506797453106178
HAL,Mar 2024,3816.582914572864,0.6180904522613065,226.72093023255812,67.51333333333334,0.4081632653061224
HAVELLS,Mar 2013,40.29126213592233,0.680998613037448,5.479674796747967,1.6004934948407357,2.753872633390706
HAVELLS,Mar 2014,26.77070828331333,0.6326530612244898,7.617647058823529,1.5099399849962492,9.417040358744394
HAVELLS,Mar 2015,21.17711771177117,0.2332233223322332,7.864583333333333,1.7685881370091896,12.727272727272728
HAVELLS,Mar 2016,42.94681202510737,0.0442682523951106,8.747252747252746,1.7310234784590837,2.230769230769231
HAVELLS,Mar 2017,15.07936507936508,0.0634920634920634,62.69230769230769,1.1861455108359134,8.906882591093117
HAVELLS,Mar 2018,17.721179624664877,0.0308310991957104,41.32,1.2282082324455206,0.6051437216338881
HAVELLS,Mar 2019,18.77084325869461,0.0223916150547879,74.3125,1.409205372132065,4.568527918781726
HAVELLS,Mar 2020,17.045454545454543,0.0166975881261595,20.92156862745098,1.3346529054149583,4.625850340136054
HAVELLS,Mar 2021,20.16611937415492,0.1006374348078037,17.655555555555555,1.1813149570718482,3.7356321839080464
HAVELLS,Mar 2022,19.923371647509576,0.102615358987173,26.49253731343284,1.324527226076214,3.260869565217391
HAVELLS,Mar 2023,16.178690009055238,0.033655297313613,29.472727272727276,1.5157300349556333,4.104477611940299
HAVELLS,Mar 2024,17.067275412917954,0.040687525177924,22.392857142857142,1.4952143489101584,3.461841070023604
HCLTECH,Jun 2013,30.689759951382555,0.0793072014585232,53.58490566037736,1.1420599133889906,0.5198019801980198
HCLTECH,Jun 2014,33.39130434782609,0.0520716112531969,70.48245614035088,1.0721814543028685,0.1685049019607843
HCLTECH,Jun 2015,30.30878467635403,0.0267503302509907,93.25274725274726,1.0413108242303872,0.789975483519477
HCLTECH,Mar 2017,26.11915384381924,0.0176636620231266,116.74157303370788,1.039465058345352,0.464792005577504
HCLTECH,Mar 2018,23.97075798383994,0.0153080855274006,162.9855072463768,1.0537623205317883,0.2178399449667507
HCLTECH,Mar 2019,24.46453609244307,0.101411787458299,80.03448275862068,1.035613292430033,0.108695652173913
HCLTECH,Mar 2020,21.56748005539626,0.1557727192931125,34.28910891089109,0.8533790555307357,0.2261011124174731
HCLTECH,Mar 2021,18.64203094487006,0.1145661208752691,39.23287671232877,0.8760212442037492,0.21488047273704
HCLTECH,Mar 2022,21.841586717059148,0.1024485576767774,64.35423197492163,0.9632257846852824,0.6211639429120757
HCLTECH,Mar 2023,22.69704151058788,0.0732971485360446,64.10198300283287,1.088,0.5927921859211857
HCLTECH,Mar 2024,23.01393141233172,0.0843502336551279,43.75768535262206,1.1101650405025958,0.5728835136855506
HDFCLIFE,Mar 2013,33.43305908750935,0.0,483.3928571428572,0.3354167660670833,0.0
HDFCLIFE,Mar 2014,37.60373443983403,0.0,68.71784232365145,0.3283787661406026,1.9310344827586208
HDFCLIFE,Mar 2015,30.932703659976383,0.0,333.43037974683546,0.3926618476676911,2.2900763358778624
HDFCLIFE,Mar 2016,26.32935868514341,0.0,159.13888888888889,0.2370009406354515,2.692778457772338
HDFCLIFE,Mar 2017,23.183481442760066,0.0,213.4820143884892,0.3222709444041347,2.818489289740699
HDFCLIFE,Mar 2018,23.52816153028693,0.0,110.58865248226952,0.2919906229917725,2.2583559168925023
HDFCLIFE,Mar 2019,22.65154200638072,0.0,276.7647058823529,0.2988386402091986,2.0344287949921758
HDFCLIFE,Mar 2020,19.05391508741002,0.0,76.52845528455285,0.2221986931268151,0.0
HDFCLIFE,Mar 2021,15.752314814814811,0.0694444444444444,157.96404494382023,0.3981408811332832,2.2042615723732557
HEROMOTOCO,Mar 2014,37.38218033078428,0.0505068468788902,50.51627906976744,2.497036158861885,2.949571836346337
HEROMOTOCO,Mar 2015,36.14678899082569,0.0152905198776758,73.90153846153846,2.584756898817345,2.1573604060913705
HEROMOTOCO,Mar 2016,35.22752999773602,0.0262621688929137,57.0855106888361,2.2066532258064515,1.4781491002570697
HEROMOTOCO,Mar 2017,34.373788290034895,0.0253005040713454,28.94578313253012,1.8684691745036568,1.3254371122391428
HEROMOTOCO,Mar 2018,31.089208152355496,0.0190444370197126,48.09219858156028,1.8657239753980568,1.370231058570661
HEROMOTOCO,Mar 2019,26.417682926829265,0.023780487804878,39.06342780026991,1.8358733246865544,1.442585112521639
HEROMOTOCO,Mar 2020,25.39913924753575,0.0314452311536859,17.562064156206414,1.4869370743112738,1.339163705930582
HEROMOTOCO,Mar 2021,19.04514789828749,0.0378827192527244,48.64737793851718,1.340448562521649,2.452316076294278
HEROMOTOCO,Mar 2023,16.810758885686838,0.0341018251681075,53.01587301587302,1.4281891541581302,2.5357142857142856
HEROMOTOCO,Mar 2024,21.14243742584327,0.0342392225549466,47.24818577648767,1.4449202768324858,2.0042757883484765
HINDALCO,Mar 2022,17.559565678914453,0.8247240731030425,133.05027932960894,0.8792184084199139,0.043699927166788
HINDUNILVR,Mar 2013,133.99650959860384,0.0087260034904013,20.28851291184328,2.2332120410188554,2.7090388121906743
HINDUNILVR,Mar 2014,111.84619734238056,0.0130053717839977,30.90277777777778,2.125490766322524,1.79474216380182
HINDUNILVR,Mar 2015,108.66650111745716,0.0106779240129128,21.29911788291901,2.215661815661816,1.6910420475319927
HINDUNILVR,Mar 2016,63.15228966986155,0.0269283432222729,54.065843621399175,2.175758804840127,1.99951818838834
HINDUNILVR,Mar 2017,66.57769869513642,0.041073546856465,44.28052805280528,2.111422386349166,1.826280623608018
HINDUNILVR,Mar 2018,71.78958934212334,0.0,79.45042492917847,1.989978725786586,1.5879089343791852
HINDUNILVR,Mar 2019,77.03063429515699,0.0125842125333672,94.5031055900621,2.1101508400880347,1.2871287128712872
HINDUNILVR,Mar 2020,82.09989063069631,0.0,70.57075471698113,1.974048528755024,1.1841326228537596
HINDUNILVR,Mar 2021,16.778537567646936,0.0,208.2470588235294,0.6841431480942682,1.4876859607450932
HINDUNILVR,Mar 2022,18.12437577709382,0.0212592486904058,180.7716894977169,0.7438515870989703,1.0121457489878545
HINDUNILVR,Mar 2023,20.16340648854962,0.024232665394402,103.64508928571428,0.8289886010646305,0.8971704623878536
HINDUNILVR,Mar 2024,20.074973642078955,0.0289741887617634,57.817625458996325,0.7885945801322478,0.9336704921221552
ICICIGI,Mar 2013,18.877005347593585,0.0,7.151877133105802,0.3174804146553771,0.0
ICICIGI,Mar 2014,21.72096908939014,0.0,5.603427172582619,0.2951709169831796,0.0
ICICIGI,Mar 2015,20.27027027027027,0.0,4.491935483870968,0.2890891711047385,2.564102564102564
ICICIGI,Mar 2018,18.982602950891877,0.1068046685752037,4.572339069471001,0.2323361344537815,1.9721577726218096
ICICIGI,Mar 2020,19.46527551353114,0.0790674926638408,649.6666666666666,0.3109173370768317,1.0887772194304857
ICICIGI,Mar 2021,19.38412949072246,0.063824187393078,840.8333333333334,0.3094559519568426,1.6972165648336728
ICICIGI,Mar 2023,16.554959785522787,0.0033512064343163,16.762865792129162,0.3245107649856588,1.7929438982070562
ICICIGI,Mar 2024,15.7230643179025,0.0028676771814829,159.91071428571428,0.3236083907247109,1.4590932777488277
ICICIPRULI,Mar 2013,38.24791719262812,0.0,21.42222222222222,0.2662190906673757,2.112211221122112
ICICIPRULI,Mar 2014,35.614875655943415,0.0,158.015503875969,0.2686501215111569,4.484304932735426
ICICIPRULI,Mar 2015,31.14909781576448,0.0,762.7441860465116,0.3403942103443165,3.109756097560976
ICICIPRULI,Mar 2017,26.256634405245084,0.0,277.0,0.3031561395210877,3.745541022592152
ICICIPRULI,Mar 2018,24.627319744447824,0.0,280.77272727272725,0.2738138049203562,3.644224830142063
ICICIPRULI,Mar 2019,16.57691747926066,0.0,50.334563345633455,0.2542400941834369,3.511852502194908
INFY,Mar 2013,24.81707638048113,0.0,2307.6,0.8720043219881145,0.2651394633577261
INFY,Mar 2014,23.92993487536492,0.0,1487.7777777777778,0.8800512586455078,0.319069069069069
INFY,Mar 2015,24.385052034058656,0.0,1240.25,0.804341595136448,0.4445522146783058
INFY,Mar 2020,25.422459893048128,0.0707868601986249,130.98235294117646,0.98900871459695,0.2704489452491135
INFY,Mar 2021,25.43909051616875,0.0697436837762439,143.02051282051283,0.9345276297309112,0.3037635792617
INFY,Mar 2022,29.39084273390843,0.0726476443264764,157.455,1.0420803742000702,0.2664137993317077
INFY,Mar 2023,31.970506716883047,0.1100560955879427,123.69718309859157,1.1779431121384314,0.3028040484486477
INFY,Mar 2024,29.788006718416632,0.0948635889055336,77.5,1.129760329363329,
IOC,Mar 2017,19.966502115655853,0.6197206550697383,9.123430403419716,1.29833515393524,0.2207505518763796
IOC,Mar 2018,19.869329258654304,0.5765143931011468,10.750451612903223,1.424633272493747,0.3977724741447892
IOC,Mar 2019,15.358898896584837,0.8603704131805209,7.159796954314721,1.5748845281083483,0.2836633090193354
IOC,Mar 2022,19.26611000861197,0.9886546598270116,8.756508984231756,1.434282835461276,0.1788004819839079
IOC,Mar 2024,23.53162465856491,0.7230954600718581,9.59852810557036,1.6084096601703397,0.0926762586594379
IRCTC,Mar 2017,29.09783989834816,0.0,104.66666666666669,0.8324205914567361,21.397379912663755
IRCTC,Mar 2018,23.141361256544503,0.0,91.33333333333331,0.6321690383786115,9.502262443438914
IRCTC,Mar 2019,28.851540616246496,0.0,191.5,0.7208943716268311,31.71521035598705
IRCTC,Mar 2020,39.04109589041096,0.0,70.3,0.6985498302992903,7.602339181286549
IRCTC,Mar 2022,35.294117647058826,0.0561497326203208,79.45454545454545,0.4837796086508754,6.363636363636363
IRCTC,Mar 2023,40.597255851493145,0.0338983050847457,79.75,0.6958145018667715,4.3737574552683895
IRCTC,Mar 2024,34.39628482972136,0.0185758513931888,77.15789473684211,0.7010343129207027,4.23042304230423
ITC,Mar 2013,33.26712151308403,0.0044045254339753,103.89814814814817,0.8949588157038127,0.7139148494288681
ITC,Mar 2014,33.04695818188493,0.0088849726475015,451.0344827586207,0.8643262828045437,0.5999333407399178
ITC,Mar 2015,30.813587093521555,0.0084761784723972,156.6153846153846,0.844729282729805,0.5317517128540751
ITC,Mar 2016,22.2610121836926,0.0019681349578256,186.2948717948718,0.7587849218795377,0.7683401747184507
ITC,Mar 2017,22.57341693060134,0.0009911016310085,315.7142857142857,0.7651078750581416,0.5345041519518946
ITC,Mar 2018,21.88725956960579,0.0006855836983431,143.66086956521738,0.6763437679986302,0.4872531105890542
ITC,Mar 2019,21.70406317106576,0.0002198136656465,261.0845070422535,0.6738315281785361,0.4362729822374571
ITC,Mar 2020,23.88889740015014,0.0042437148591301,238.8148148148148,0.6388224185432863,0.5258769960879882
ITC,Mar 2021,22.17674449434106,0.0044906954778199,294.2241379310345,0.6677919225607029,0.7546887842785623
ITC,Mar 2022,24.82267232407333,0.0039868705467936,343.71666666666664,0.7855976993626613,0.5998838934399794
ITC,Mar 2023,28.16426867182416,0.0044248427445593,329.53846153846155,0.8262632382239518,0.5134260923140114
ITC,Mar 2024,27.851074395694365,0.0040667319849141,327.9125,0.7723477995509732,0.4047997686858464
JINDALSTEL,Mar 2022,18.992280701754385,0.3790035087719298,8.217690677966102,0.6675799801680496,0.0738989062961868
LICI,Mar 2023,77.85997015119071,0.0,444.24675324675326,0.171372620367715,0.0138900463927549
LICI,Mar 2024,49.44710986501021,0.0,256.0859375,0.1591344094587576,0.0366604751197575
LT,Mar 2024,77.66510140873214,0.1034568888000799,3.139718250630782,8.027628521638107,0.2315559271885251
LTIM,Mar 2013,41.97162061239731,0.174757281553398,41.42857142857143,1.654209621993127,9.608540925266905
LTIM,Mar 2014,61.86335403726708,0.0683229813664596,37.0,1.8454613653413356,5.522088353413655
LTIM,Mar 2015,37.95656465942744,0.1076011846001974,100.5,1.671591672263264,8.192457737321195
LTIM,Mar 2016,39.34117647058824,0.0258823529411764,171.33333333333334,1.8635639145680587,8.61244019138756
LTIM,Mar 2017,30.884223918575067,0.0,410.0,1.4718134480416571,2.9866117404737382
LTIM,Mar 2018,28.80829015544041,0.0,74.1875,1.3689338579726438,2.9676258992805757
LTIM,Mar 2019,30.983036991620683,0.0,171.1818181818182,1.4174669867947178,2.1108179419525066
LTIM,Mar 2020,28.127313101406365,0.1687638786084382,24.44578313253012,1.2341463414634146,2.1052631578947367
LTIM,Mar 2021,26.533406352683457,0.1092552026286966,34.49367088607595,1.1554268634410612,1.8575851393188851
LTIM,Mar 2022,27.645576707726764,0.018057110862262,42.67479674796748,1.2691522457709508,1.0379746835443038
LTIM,Mar 2023,26.57907425265188,0.0928760848601735,40.72,1.4131851284016863,0.90702947845805
LTIM,Mar 2024,22.904386052552702,0.1034568888000799,28.77027027027027,1.289464130119082,0.9160305343511452
MARUTI,Mar 2015,15.66329467883872,0.0273871206513693,31.61467889908257,1.4734750703367463,0.5250721974271462
MARUTI,Mar 2016,17.954664227854717,0.0075450744708649,110.04878048780488,1.347867808828348,0.3456430780425686
MARUTI,Mar 2017,20.25893459204316,0.0130546190155091,117.08988764044943,1.3103348729792148,0.3994141925176408
MARUTI,Mar 2018,18.517822317253696,0.0028431119152235,35.02312138728324,1.32467467799761,0.3933510975764497
MARUTI,Mar 2019,16.24692092075087,0.0033976046886944,145.47368421052633,1.345464209226344,0.4182459809175271
MARUTI,Mar 2024,15.750385351954783,0.0013896025036199,96.01030927835052,1.230295566502463,0.215005931198102
NAUKRI,Mar 2018,24.49877750611247,0.0004889975550122,43.8,0.3805855161787365,2.5948103792415167
NAUKRI,Mar 2021,26.278724981467757,0.0120459599703484,6.727272727272728,0.1792752701843611,0.4936530324400564
NAUKRI,Mar 2022,74.71291033522793,0.0037118663728105,40.54545454545455,0.0775765268759459,0.007762769756249
NESTLEIND,Dec 2013,47.170608108108105,0.5021114864864865,52.648648648648646,1.441400063351283,3.7600716204118174
NESTLEIND,Dec 2014,41.76947479732112,0.0070497003877335,145.64285714285714,1.693298969072165,4.30379746835443
NESTLEIND,Dec 2015,19.98580049698261,0.0063897763578274,518.3333333333334,1.343246795925074,14.742451154529308
NESTLEIND,Dec 2016,30.499695307739184,0.0100548446069469,20.32967032967033,1.3422907488986784,6.093906093906094
NESTLEIND,Dec 2017,35.8187134502924,0.0102339181286549,22.793478260869566,1.3595002037213093,5.551020408163265
NESTLEIND,Dec 2018,43.75170160631636,0.0095289953716308,23.375,1.3961424332344214,4.293714996888612
NESTLEIND,Dec 2019,102.60688216892598,0.0985401459854014,22.68217054263566,1.7243831033040569,8.536585365853659
NESTLEIND,Dec 2020,103.12035661218424,0.0728083209509658,19.52439024390244,1.6898734177215189,4.46685878962536
NESTLEIND,Dec 2021,108.83864337101748,0.1366906474820144,17.633663366336634,1.790259897983969,4.296506137865911
NESTLEIND,Dec 2022,97.2346482309882,0.1102074013826758,23.90967741935484,1.8818353936964027,3.722291928063572
NESTLEIND,Dec 2023,121.96014640097602,0.1102074013826758,37.57142857142857,2.130081300813008,1.8672890963654556
NESTLEIND,Mar 2024,117.75449101796409,0.1032934131736526,40.08965517241379,2.318160220469448,2.008644800406814
NTPC,Mar 2013,15.492368291482029,0.8668020679468242,7.285828984343637,0.4000425112990558,0.3019227713332274
ONGC,Mar 2013,15.730882198678277,0.1356210007342914,89.87809917355372,0.6391817665256645,0.1417020921897141
ONGC,Mar 2014,15.489218829871277,0.285288582183187,78.73397435897436,0.5357964895869234,0.1162572660791299
ONGC,Mar 2017,15.005710287777926,0.4117014599816859,14.704539125591758,0.6355233113998088,0.1371318865919298
ONGC,Mar 2019,15.64438953783178,0.4966579697050716,12.81805722117526,0.8563623327639471,0.0854499381224586
ONGC,Mar 2022,18.995541477362497,0.4700754904567577,14.022823033707866,0.8422418818365738,0.0588306893333874
ONGC,Mar 2024,16.940398136885513,0.4544486308481917,10.087796743182263,0.8332173339682772,0.0542897672545139
PIDILITIND,Mar 2013,25.681405208964264,0.0672319806178073,34.875,1.4059633027522935,7.311320754716981
PIDILITIND,Mar 2014,23.05327868852459,0.0235655737704918,42.0,1.462773224043716,6.888888888888889
PIDILITIND,Mar 2015,22.6431718061674,0.0255506607929515,48.1875,1.461236802413273,5.642023346303502
PIDILITIND,Mar 2016,30.591357088703564,0.0303260045489006,90.23076923076924,1.4434571890145396,3.22180916976456
PIDILITIND,Mar 2017,24.863151829443964,0.0282339383462978,90.14285714285714,1.1775681341719078,3.2444959443800694
PIDILITIND,Mar 2018,27.02853945159485,0.0349748181309457,83.8125,1.169070975187536,3.312629399585921
PIDILITIND,Mar 2019,22.372227579556416,0.027242044358727,52.73076923076923,1.1988482384823849,3.8793103448275854
PIDILITIND,Mar 2020,25.17953321364452,0.0646319569120287,46.35294117647059,1.11819714855128,2.8520499108734403
PIDILITIND,Mar 2021,20.13230824244592,0.0591811192562131,45.567567567567565,0.827433628318584,3.374777975133215
PIDILITIND,Mar 2022,18.847595252966894,0.0649594003747657,44.19047619047619,1.044975774173162,3.47970173985087
PIDILITIND,Mar 2023,17.872989462007766,0.0542151968940654,41.375,1.1231794383626843,3.4134988363072147
PIDILITIND,Mar 2024,20.780302129178065,0.0454383252051861,53.09803921568628,1.0254223252732693,2.6903262736119062
SBILIFE,Mar 2013,23.026315789473685,0.0,106.75,0.276836578917973,1.2698412698412698
SBILIFE,Mar 2014,21.69249106078665,0.0,102.2,0.2845976253298153,1.9230769230769231
SBILIFE,Mar 2015,20.09368836291913,0.0,198.5,0.3156865125942715,1.8404907975460123
SBILIFE,Mar 2016,17.832241707162478,0.0,184.0,0.2316220978316892,1.6587677725118484
SBILIFE,Mar 2017,17.201008645533143,0.0,213.6,0.2987871674491393,1.6753926701570685
SBILIFE,Mar 2018,17.61642156862745,0.0,222.0,0.2798882681564246,1.4782608695652173
SBILIFE,Mar 2019,17.51583949313622,0.0,184.25,0.303978627993512,1.1303692539562924
SHREECEM,Jun 2013,26.11862643080125,0.3350676378772112,8.088082901554404,0.8795454545454545,0.697211155378486
SHREECEM,Jun 2014,16.705582678836763,0.2547229887497346,10.775193798449612,0.7797789602947196,1.2706480304955527
SHREECEM,Mar 2017,17.394128345024683,0.1679657053780202,19.48062015503876,0.769657890023285,2.68857356235997
SHREECEM,Mar 2018,15.55580532763853,0.3824884792626728,18.31851851851852,0.649385814291375,0.9393063583815028
SHREECEM,Mar 2021,15.17828148340586,0.1448334091056699,16.298804780876495,0.6303165527820388,0.3851091142490372
SIEMENS,Sep 2011,22.746331236897277,0.0,45.03846153846154,1.17690490253987,2.7649769585253456
SIEMENS,Sep 2015,22.94313074066836,0.0048856752003126,33.266666666666666,0.9987708018154312,2.555366269165247
SIEMENS,Sep 2016,42.83404380420402,0.0036748493311774,92.8181818181818,0.9041381611880528,1.4070006863417983
SIEMENS,Sep 2024,17.698769290877124,0.0181676108614963,51.73333333333333,0.8790861298865568,0.5886681383370125
SUNPHARMA,Mar 2013,23.14209472981988,0.0173448965977318,111.25581395348836,0.5462531285272612,0.2594407610262323
SUNPHARMA,Mar 2014,20.939271255060728,0.1382456140350877,159.1590909090909,0.5526722804605603,0.2577984016499098
SUNPHARMA,Mar 2015,21.358920352601608,0.3508854044777283,13.63385146804836,0.5621985509923445,0.2556610664718773
SUNPHARMA,Mar 2016,17.154291604766094,0.2576175605615013,15.62906309751434,0.5139460200620625,0.0883704489218805
SUNPHARMA,Mar 2017,21.413755458515286,0.2683406113537118,25.255,0.5168671740731647,0.1529441753759877
SUNPHARMA,Mar 2023,15.20314313778016,0.1229752656487186,67.73255813953489,0.5437357518089008,0.3876424292258898
SUNPHARMA,Mar 2024,15.094161810671148,0.0514238145350024,54.69747899159664,0.5684929901064378,0.3537981269510926
TATAMOTORS,Mar 2014,21.416377050179864,0.9243643680263398,7.339018740787534,1.0659628432512611,0.0355871886120996
TATASTEEL,Mar 2022,36.48016916718366,0.6602500808262629,11.623947272061516,0.8638101847589778,0.0383242712400297
TCS,Mar 2013,36.51740777253152,0.0086130856638821,375.8333333333333,1.2129130401294,0.2202330207445297
TCS,Mar 2014,39.29667649151337,0.0060371989023274,644.9487179487179,1.224154184560595,0.1707014276846679
TCS,Mar 2015,39.61686580428557,0.0070702083539054,235.40384615384616,1.2909244660247143,0.3888334995014955
TCS,Mar 2016,34.2441467807294,0.0034472084646555,929.6060606060606,1.23054444960415,0.1438080368148574
TCS,Mar 2017,30.571600900085837,0.0033521237850001,1009.71875,1.152765969921726,0.1327920476533748
TCS,Mar 2018,30.40127807536885,0.002901513015694,625.3076923076923,1.1710138310218214,0.142967542503864
TCS,Mar 2019,35.28609440332715,0.0006931556469825,199.5252525252525,1.2858798430215714,0.1140612128508966
TCS,Mar 2020,38.56952666238737,0.0971637781423103,45.57251082251082,1.3065255937466185,0.2619656670878663
TCS,Mar 2021,37.67311096456215,0.0901854615713905,73.07064364207221,1.2629777217059512,0.1320557705300657
TCS,Mar 2022,43.13375739014349,0.0877057180358765,67.67474489795919,1.3606908688371038,0.106634762932716
TCS,Mar 2023,46.7829337344068,0.0850216756613288,76.07060333761233,1.5781854835887132,0.23638985414746
TCS,Mar 2024,50.944313673485176,0.0886406082507266,82.6426735218509,1.6559406621205457,0.1258161782251242
TECHM,Mar 2013,24.087725764835973,0.254330998894213,13.805825242718448,0.765026714158504,0.3825554705432288
TECHM,Mar 2013,24.087725764835973,0.254330998894213,13.805825242718448,0.765026714158504,0.3825554705432288
TECHM,Mar 2014,33.34785449793073,0.0395338706164234,52.15,1.1795483061480552,0.4898758981058131
TECHM,Mar 2014,33.34785449793073,0.0395338706164234,52.15,1.1795483061480552,0.4898758981058131
TECHM,Mar 2015,21.70966688438929,0.0571521881123448,60.76811594202898,1.1397118097541314,0.8273787138021812
TECHM,Mar 2015,21.70966688438929,0.0571521881123448,60.76811594202898,1.1397118097541314,0.8273787138021812
TECHM,Mar 2016,20.745665136042764,0.0747721197998766,43.91752577319588,1.176204217536071,1.1562603237528906
TECHM,Mar 2016,20.745665136042764,0.0747721197998766,43.91752577319588,1.176204217536071,1.1562603237528906
TECHM,Mar 2017,17.34501429701284,0.083105189511468,32.434108527131784,1.1183559120389914,0.9821115398105928
TECHM,Mar 2017,17.34501429701284,0.083105189511468,32.434108527131784,1.1183559120389914,0.9821115398105928
TECHM,Mar 2018,20.092341983760548,0.1272090431459958,29.074074074074076,1.0112385396470704,0.8716323296354992
TECHM,Mar 2018,20.092341983760548,0.1272090431459958,29.074074074074076,1.0112385396470704,0.8716323296354992
TECHM,Mar 2019,21.143702243036728,0.098397830909539,47.15037593984962,1.0387490282843987,0.6761482863138261
TECHM,Mar 2019,21.143702243036728,0.098397830909539,47.15037593984962,1.0387490282843987,0.6761482863138261
TECHM,Mar 2020,17.865493054600467,0.1682482923027552,28.66145833333333,0.987941475963342,0.8211444701052092
TECHM,Mar 2020,17.865493054600467,0.1682482923027552,28.66145833333333,0.987941475963342,0.8211444701052092
TECHM,Mar 2021,17.506535290569072,0.1166700180977277,39.05747126436781,0.9558860663602848,2.0445669653112795
TECHM,Mar 2021,17.506535290569072,0.1166700180977277,39.05747126436781,0.9558860663602848,2.0445669653112795
TECHM,Mar 2022,20.940266309603512,0.0973740980435914,49.20245398773006,1.0051783141210375,0.8348134991119005
TECHM,Mar 2022,20.940266309603512,0.0973740980435914,49.20245398773006,1.0051783141210375,0.8348134991119005
TECHM,Mar 2023,17.3936398796734,0.0981234780117461,23.812883435582823,1.162851594038449,1.8735845171916825
TECHM,Mar 2023,17.3936398796734,0.0981234780117461,23.812883435582823,1.162851594038449,1.8735845171916825
TITAN,Mar 2013,36.80203045685279,0.0,19.88235294117647,1.720428280081577,3.586206896551724
TITAN,Mar 2014,29.131985731272295,0.3198573127229488,12.03448275862069,1.788087056128293,3.4013605442176877
TITAN,Mar 2015,26.4591439688716,0.0324254215304799,14.234567901234568,2.030163599182004,3.063725490196078
TITAN,Mar 2016,19.24721984602224,0.0322212717422298,22.357142857142858,1.7779880163986124,4.296296296296296
TITAN,Mar 2017,16.46586345381526,0.4446019371604063,30.63157894736842,1.5771883920076115,4.591104734576758
TITAN,Mar 2018,21.650294695481332,0.3322200392927308,31.0188679245283,1.6930994643419808,2.631578947368421
TITAN,Mar 2019,22.8830313014827,0.3942339373970346,37.62264150943396,1.689069171648164,2.3038156947444204
TITAN,Mar 2020,22.38716449242765,0.5341130604288499,14.837349397590362,1.554341405788541,1.6075016744809107
TITAN,Mar 2022,23.6267870579383,0.782005804579168,15.339449541284404,1.3592127619407213,1.410373066424022
TITAN,Mar 2023,27.626360644671337,0.7903974348156274,16.273333333333333,1.5016654330125834,0.8246792913866828
TORNTPHARM,Mar 2013,30.590717299578056,0.4873417721518987,20.5,0.8534505728750333,10.344827586206897
TORNTPHARM,Mar 2014,34.8922753547031,0.5948502364687336,16.1864406779661,0.8307447232178415,3.765060240963856
TORNTPHARM,Mar 2016,49.59931310818546,0.6731539782484258,14.853260869565217,0.7525320729237002,1.9619157530294289
TORNTPHARM,Mar 2017,21.466329579407034,0.5768788784187543,6.684466019417476,0.6057702322674722,2.676659528907923
TORNTPHARM,Mar 2021,21.44570058239123,0.8348749571771155,7.025495750708215,0.5687388987566607,3.753993610223642
TORNTPHARM,Mar 2023,20.087124878993222,0.8662471765085511,8.534534534534535,0.6584531143052703,4.819277108433735
TORNTPHARM,Mar 2024,24.15402567094516,0.5866394399066511,9.514124293785311,0.7396070320579111,3.4420289855072466
TRENT,Mar 2024,36.30776794493609,0.4309242871189774,5.355978260869565,1.727869310248534,0.5416384563303994
TVSMOTOR,Mar 2014,16.1068044788975,0.6270456503014643,6.15,2.308370044052864,19.78609625668449
TVSMOTOR,Mar 2015,24.754716981132077,0.8445283018867924,9.758064516129032,2.2442013129102847,8.536585365853659
TVSMOTOR,Mar 2016,23.58438702583837,0.59978009895547,11.7,2.210843373493976,6.526806526806526
TVSMOTOR,Mar 2017,22.95895354082093,0.591339648173207,14.516666666666667,2.033779373368146,4.518664047151278
ULTRACEMCO,Mar 2013,17.650535163175523,0.4821065073215576,19.202380952380956,0.6934622405516868,0.3348214285714285
INDIGO,Mar 2015,4939.39393939394,0.1515151515151515,30.43544303797468,228.27868852459017,6.365030674846625
INDIGO,Mar 2016,1534.775888717156,0.061823802163833,25.19611650485437,82.34693877551021,1.3595166163141994
INDIGO,Mar 2017,1692.857142857143,0.5306122448979592,20.73764258555133,75.52845528455285,4.460518384569018
INDIGO,Mar 2018,2242.0,0.54,21.109820485744457,82.51254480286738,0.4460303300624442
INDIGO,Mar 2019,120.93023255813952,0.6821705426356589,21.6211320754717,76.39946380697052,78.84615384615384
INDIGO,Mar 2024,892.568306010929,0.0185792349726775,22.60232158211522,56.38625204582652,0.0
