company_id,roe,opm_percentage,net_profit,eps,profit_before_tax,valuation_score,valuation_rating
ABB,0.0,12.0,145,68.0,215,47.1,Weak
ABB,0.0,12.0,198,93.0,295,63.0,Moderate
ABB,0.0,14.0,229,108.0,344,72.9,Moderate
ABB,0.0,14.0,255,120.0,398,80.7,Moderate
ABB,0.0,14.0,277,130.0,436,87.3,Moderate
ABB,0.0,16.0,401,189.0,621,125.1,Strong
ABB,0.0,16.0,450,212.0,699,139.8,Strong
ABB,0.0,18.0,593,279.0,803,183.3,Strong
ABB,0.0,21.0,691,325.0,926,213.6,Strong
ABB,0.0,22.0,799,376.0,1080,246.29999999999998,Strong
ABB,0.0,23.0,949,447.0,1274,291.59999999999997,Strong
ABB,0.0,25.0,1201,565.0,1618,367.8,Strong
ABB,0.0,26.0,1285,605.0,1728,393.3,Strong
ADANIENSOL,0.0,0.0,0,0.0,0,0.0,Weak
ADANIENSOL,0.0,78.0,-7,0.0,-5,21.299999999999997,Weak
ADANIENSOL,0.0,88.0,368,3.0,480,136.79999999999998,Strong
ADANIENSOL,0.0,69.0,416,4.0,532,145.5,Strong
ADANIENSOL,0.0,72.0,1143,10.0,1472,364.5,Strong
ADANIENSOL,0.0,38.0,559,5.0,840,179.1,Strong
ADANIENSOL,0.0,37.0,706,7.0,1107,222.89999999999998,Strong
ADANIENSOL,0.0,40.0,1290,11.0,1620,399.0,Strong
ADANIENSOL,0.0,37.0,1236,11.0,1700,381.90000000000003,Strong
ADANIENSOL,0.0,34.0,1281,11.0,1712,394.5,Strong
ADANIENSOL,0.0,30.0,1196,10.0,1780,367.8,Strong
ADANIENSOL,0.0,0.0,589,6.0,653,176.7,Strong
ADANIENT,0.0,13.0,1218,15.0,2005,369.29999999999995,Strong
ADANIENT,0.0,17.0,2646,20.0,1614,798.9,Strong
ADANIENT,0.0,19.0,2298,18.0,2663,695.1,Strong
ADANIENT,0.0,5.0,1000,9.0,1056,301.5,Strong
ADANIENT,0.0,5.0,925,9.0,1079,279.0,Strong
ADANIENT,0.0,6.0,594,7.0,487,180.0,Strong
ADANIENT,0.0,5.0,506,7.0,459,153.29999999999998,Strong
ADANIENT,0.0,5.0,1040,10.0,1122,313.5,Strong
ADANIENT,0.0,6.0,1046,8.0,1086,315.6,Strong
ADANIENT,0.0,5.0,788,7.0,952,237.89999999999998,Strong
ADANIENT,0.0,7.0,2422,22.0,3247,728.7,Strong
ADANIENT,0.0,12.0,3335,28.0,4926,1004.1,Strong
ADANIENT,0.0,14.0,6086,49.0,7691,1830.0,Strong
ADANIGREEN,0.0,80.0,-47,0.0,-184,9.9,Weak
ADANIGREEN,0.0,57.0,-138,-1.0,-210,-24.3,Weak
ADANIGREEN,0.0,74.0,-475,-3.0,-585,-120.3,Weak
ADANIGREEN,0.0,57.0,-68,0.0,-50,-3.3000000000000007,Weak
ADANIGREEN,0.0,72.0,182,1.0,193,76.2,Moderate
ADANIGREEN,0.0,68.0,489,3.0,553,167.1,Strong
ADANIGREEN,0.0,64.0,973,6.0,1426,311.09999999999997,Strong
ADANIGREEN,0.0,79.0,1260,7.0,1671,401.7,Strong
ADANIGREEN,0.0,75.0,1928,9.0,1709,600.9,Strong
ADANIPORTS,0.0,67.0,1639,8.0,1762,511.8,Strong
ADANIPORTS,0.0,60.0,1741,8.0,1978,540.3,Strong
ADANIPORTS,0.0,63.0,2324,11.0,2501,716.0999999999999,Strong
ADANIPORTS,0.0,64.0,2856,14.0,3119,876.0,Strong
ADANIPORTS,0.0,64.0,3902,19.0,4179,1189.8,Strong
ADANIPORTS,0.0,63.0,3690,18.0,5234,1125.9,Strong
ADANIPORTS,0.0,60.0,4045,19.0,5126,1231.5,Strong
ADANIPORTS,0.0,50.0,3785,19.0,4244,1150.5,Strong
ADANIPORTS,0.0,69.0,5049,25.0,6292,1535.4,Strong
ADANIPORTS,0.0,56.0,4953,23.0,5717,1502.6999999999998,Strong
ADANIPORTS,0.0,52.0,5391,25.0,5487,1632.8999999999999,Strong
ADANIPORTS,0.0,58.0,8104,38.0,9639,2448.6,Strong
ADANIPORTS,0.0,60.0,9743,45.0,11560,2940.9,Strong
ADANIPORTS,0.0,67.0,1639,8.0,1762,511.8,Strong
ADANIPORTS,0.0,60.0,1741,8.0,1978,540.3,Strong
ADANIPORTS,0.0,63.0,2324,11.0,2501,716.0999999999999,Strong
ADANIPORTS,0.0,64.0,2856,14.0,3119,876.0,Strong
ADANIPORTS,0.0,64.0,3902,19.0,4179,1189.8,Strong
ADANIPORTS,0.0,63.0,3690,18.0,5234,1125.9,Strong
ADANIPORTS,0.0,60.0,4045,19.0,5126,1231.5,Strong
ADANIPORTS,0.0,50.0,3785,19.0,4244,1150.5,Strong
ADANIPORTS,0.0,69.0,5049,25.0,6292,1535.4,Strong
ADANIPORTS,0.0,56.0,4953,23.0,5717,1502.6999999999998,Strong
ADANIPORTS,0.0,52.0,5391,25.0,5487,1632.8999999999999,Strong
ADANIPORTS,0.0,58.0,8104,38.0,9639,2448.6,Strong
ADANIPORTS,0.0,60.0,9743,45.0,11560,2940.9,Strong
ADANIPOWER,0.0,14.0,-2295,-10.0,-1818,-684.3,Weak
ADANIPOWER,0.0,30.0,-291,-1.0,-1370,-78.3,Weak
ADANIPOWER,0.0,25.0,-816,-3.0,-816,-237.29999999999998,Weak
ADANIPOWER,0.0,35.0,551,2.0,375,175.79999999999998,Strong
ADANIPOWER,0.0,26.0,-6174,-16.0,-6260,-1844.3999999999999,Weak
ADANIPOWER,0.0,27.0,-2103,-5.0,-2079,-622.8,Weak
ADANIPOWER,0.0,21.0,-984,-3.0,-976,-288.9,Weak
ADANIPOWER,0.0,22.0,-2275,-6.0,-2265,-675.9,Weak
ADANIPOWER,0.0,33.0,1270,3.0,2289,390.9,Strong
ADANIPOWER,0.0,36.0,4912,13.0,6577,1484.3999999999999,Strong
ADANIPOWER,0.0,26.0,10727,28.0,7675,3225.9,Strong
ADANIPOWER,0.0,36.0,20829,54.0,20792,6259.5,Strong
ADANIPOWER,0.0,38.0,12686,33.0,15808,3817.2,Strong
AMBUJACEM,0.0,25.0,1292,8.0,1896,395.09999999999997,Strong
AMBUJACEM,0.0,18.0,1278,8.0,1498,388.79999999999995,Strong
AMBUJACEM,0.0,19.0,1487,10.0,1774,451.79999999999995,Strong
AMBUJACEM,0.0,16.0,808,5.0,1173,247.2,Strong
AMBUJACEM,0.0,16.0,1434,6.0,2008,435.0,Strong
AMBUJACEM,0.0,16.0,1945,8.0,2768,588.3,Strong
AMBUJACEM,0.0,15.0,2973,11.0,2919,896.4,Strong
AMBUJACEM,0.0,17.0,2783,11.0,3875,840.0,Strong
AMBUJACEM,0.0,20.0,3107,12.0,3992,938.0999999999999,Strong
AMBUJACEM,0.0,21.0,3711,14.0,5164,1119.6,Strong
AMBUJACEM,0.0,13.0,3024,13.0,3729,911.0999999999999,Strong
AMBUJACEM,0.0,19.0,4738,16.0,5901,1427.1,Strong
AMBUJACEM,0.0,18.0,3871,13.0,4856,1166.7,Strong
APOLLOHOSP,0.0,16.0,303,22.0,399,95.69999999999999,Moderate
APOLLOHOSP,0.0,16.0,315,23.0,407,99.3,Moderate
APOLLOHOSP,0.0,14.0,335,24.0,455,104.7,Strong
APOLLOHOSP,0.0,11.0,235,17.0,332,73.8,Moderate
APOLLOHOSP,0.0,10.0,131,16.0,222,42.3,Weak
APOLLOHOSP,0.0,10.0,60,8.0,171,21.0,Weak
APOLLOHOSP,0.0,11.0,200,17.0,373,63.3,Moderate
APOLLOHOSP,0.0,14.0,432,33.0,660,133.79999999999998,Strong
APOLLOHOSP,0.0,11.0,137,10.0,221,44.4,Weak
APOLLOHOSP,0.0,15.0,1108,73.0,1578,336.9,Strong
APOLLOHOSP,0.0,12.0,844,57.0,1144,256.8,Strong
APOLLOHOSP,0.0,13.0,935,63.0,1362,284.4,Strong
APOLLOHOSP,0.0,13.0,1224,82.0,1719,371.09999999999997,Strong
ASIANPAINT,0.0,17.0,1160,12.0,1655,353.1,Strong
ASIANPAINT,0.0,16.0,1263,13.0,1834,383.7,Strong
ASIANPAINT,0.0,16.0,1427,15.0,2077,432.9,Strong
ASIANPAINT,0.0,19.0,1803,18.0,2614,546.6,Strong
ASIANPAINT,0.0,20.0,2016,20.0,2960,610.8,Strong
ASIANPAINT,0.0,19.0,2098,21.0,3138,635.1,Strong
ASIANPAINT,0.0,20.0,2208,22.0,3306,668.4,Strong
ASIANPAINT,0.0,21.0,2774,28.0,3629,838.4999999999999,Strong
ASIANPAINT,0.0,22.0,3207,33.0,4304,968.6999999999999,Strong
ASIANPAINT,0.0,17.0,3085,32.0,4188,930.6,Strong
ASIANPAINT,0.0,18.0,4195,43.0,5689,1263.9,Strong
ASIANPAINT,0.0,21.0,5558,57.0,7348,1673.6999999999998,Strong
ASIANPAINT,0.0,19.0,4631,48.0,6155,1395.0,Strong
ATGL,0.0,27.0,162,6.0,259,56.7,Moderate
ATGL,0.0,26.0,229,2.0,357,76.5,Moderate
ATGL,0.0,32.0,436,4.0,547,140.39999999999998,Strong
ATGL,0.0,42.0,463,4.0,631,151.5,Strong
ATGL,0.0,25.0,509,5.0,684,160.2,Strong
ATGL,0.0,20.0,546,5.0,733,169.79999999999998,Strong
ATGL,0.0,25.0,668,6.0,896,207.9,Strong
ATGL,0.0,24.0,668,6.0,900,207.6,Strong
BAJAJ-AUTO,0.0,18.0,3133,108.0,4277,945.3,Strong
BAJAJ-AUTO,0.0,21.0,3380,117.0,4655,1020.3,Strong
BAJAJ-AUTO,0.0,19.0,3026,105.0,4083,913.5,Strong
BAJAJ-AUTO,0.0,21.0,4061,140.0,5679,1224.6,Strong
BAJAJ-AUTO,0.0,20.0,4079,141.0,5588,1229.7,Strong
BAJAJ-AUTO,0.0,19.0,4219,146.0,5933,1271.4,Strong
BAJAJ-AUTO,0.0,17.0,4928,170.0,6956,1483.4999999999998,Strong
BAJAJ-AUTO,0.0,17.0,5212,180.0,6692,1568.6999999999998,Strong
BAJAJ-AUTO,0.0,18.0,4857,168.0,6241,1462.5,Strong
BAJAJ-AUTO,0.0,16.0,6166,213.0,7652,1854.6,Strong
BAJAJ-AUTO,0.0,18.0,6060,214.0,7842,1823.4,Strong
BAJAJ-AUTO,0.0,20.0,7708,276.0,10040,2318.4,Strong
BAJAJ-AUTO,0.0,19.0,7371,263.0,10135,2216.9999999999995,Strong
AXISBANK,0.0,1353.0,5179,22.0,7553,1959.6,Strong
AXISBANK,0.0,2307.0,6218,26.0,9349,2557.5,Strong
AXISBANK,0.0,3097.0,7358,31.0,11057,3136.5,Strong
AXISBANK,0.0,3466.0,8224,35.0,12394,3507.0,Strong
AXISBANK,0.0,-5715.0,3679,15.0,5468,-610.8,Weak
AXISBANK,0.0,-10277.0,276,1.0,122,-3000.2999999999997,Weak
AXISBANK,0.0,-5447.0,4677,18.0,6974,-231.0,Weak
AXISBANK,0.0,-9859.0,1627,6.0,4904,-2469.6,Weak
AXISBANK,0.0,-2510.0,6588,22.0,8806,1223.3999999999999,Strong
AXISBANK,0.0,3170.0,13025,42.0,17383,4858.5,Strong
AXISBANK,0.0,13857.0,9580,31.0,16906,7031.099999999999,Strong
AXISBANK,0.0,11952.0,24861,81.0,33060,11043.9,Strong
AXISBANK,0.0,9061.0,26386,85.0,34304,10634.099999999999,Strong
BAJAJFINSV,0.0,49.0,2214,10.0,2708,678.9,Strong
BAJAJFINSV,0.0,75.0,2191,10.0,2902,679.8,Strong
BAJAJFINSV,0.0,49.0,2409,11.0,3251,737.4,Strong
BAJAJFINSV,0.0,33.0,2775,12.0,3804,842.4,Strong
BAJAJFINSV,0.0,36.0,3450,14.0,4925,1045.8,Strong
BAJAJFINSV,0.0,33.0,4176,17.0,6099,1262.7,Strong
BAJAJFINSV,0.0,35.0,5374,20.0,8155,1622.7,Strong
BAJAJFINSV,0.0,34.0,5994,21.0,8302,1808.4,Strong
BAJAJFINSV,0.0,32.0,7367,28.0,9862,2219.7,Strong
BAJAJFINSV,0.0,31.0,8314,29.0,11271,2503.5,Strong
BAJAJFINSV,0.0,36.0,12210,40.0,16811,3673.8,Strong
BAJAJFINSV,0.0,37.0,15595,51.0,21375,4689.6,Strong
BAJAJFINSV,0.0,36.0,16520,53.0,22892,4966.8,Strong
BAJAJHLDNG,0.0,95.0,1856,167.0,322,585.3,Strong
BAJAJHLDNG,0.0,94.0,1988,179.0,400,624.6,Strong
BAJAJHLDNG,0.0,92.0,2029,182.0,513,636.3,Strong
BAJAJHLDNG,0.0,91.0,2265,204.0,430,706.8,Strong
BAJAJHLDNG,0.0,75.0,2473,222.0,630,764.4,Strong
BAJAJHLDNG,0.0,85.0,2655,239.0,2739,822.0,Strong
BAJAJHLDNG,0.0,80.0,3048,274.0,3170,938.4,Strong
BAJAJHLDNG,0.0,69.0,3080,269.0,3314,944.7,Strong
BAJAJHLDNG,0.0,77.0,3654,328.0,3766,1119.3,Strong
BAJAJHLDNG,0.0,76.0,4126,364.0,4226,1260.6,Strong
BAJAJHLDNG,0.0,73.0,4946,436.0,5012,1505.7,Strong
BAJAJHLDNG,0.0,92.0,7365,653.0,7493,2237.1,Strong
BAJAJHLDNG,0.0,90.0,7486,666.0,7574,2272.7999999999997,Strong
BAJFINANCE,0.0,1367.0,898,18.0,1357,679.5,Strong
BAJFINANCE,0.0,1986.0,1279,24.0,1965,979.5,Strong
BAJFINANCE,0.0,2867.0,1836,33.0,2817,1410.9,Strong
BAJFINANCE,0.0,3935.0,2496,43.0,3843,1929.3,Strong
BAJFINANCE,0.0,6310.0,3995,69.0,6179,3091.5,Strong
BAJFINANCE,0.0,7608.0,5264,87.0,7322,3861.6000000000004,Strong
BAJFINANCE,0.0,6314.0,4420,73.0,5992,3220.2,Strong
BAJFINANCE,0.0,9906.0,7028,116.0,9504,5080.2,Strong
BAJFINANCE,0.0,16018.0,11508,190.0,15528,8257.8,Strong
BAJFINANCE,0.0,19987.0,14451,233.0,19310,10331.4,Strong
BAJFINANCE,0.0,21417.0,15389,248.0,20667,11041.8,Strong
BANKBARODA,0.0,1006.0,4829,23.0,5195,1750.5,Strong
BANKBARODA,0.0,809.0,5036,23.0,5996,1753.5,Strong
BANKBARODA,0.0,902.0,3950,18.0,5983,1455.6,Strong
BANKBARODA,0.0,-11700.0,-5033,-22.0,-6233,-5019.9,Weak
BANKBARODA,0.0,-4372.0,1855,8.0,3024,-755.0999999999999,Weak
BANKBARODA,0.0,-9197.0,-1836,-7.0,-2106,-3309.8999999999996,Weak
BANKBARODA,0.0,-5414.0,1166,4.0,1525,-1274.4,Weak
BANKBARODA,0.0,-11728.0,981,2.0,-1234,-3224.1,Weak
BANKBARODA,0.0,-6957.0,1620,3.0,6373,-1601.1,Weak
BANKBARODA,0.0,-2948.0,7933,15.0,10008,1495.5,Strong
BANKBARODA,0.0,6329.0,15005,29.0,20565,6400.2,Strong
BANKBARODA,0.0,4102.0,18869,36.0,25799,6891.299999999999,Strong
BANKBARODA,0.0,3526.0,20144,39.0,27332,7101.0,Strong
BHARTIARTL,0.0,30.0,2267,4.0,4785,689.1,Strong
BHARTIARTL,0.0,31.0,3019,5.0,7864,914.9999999999999,Strong
BHARTIARTL,0.0,35.0,5048,8.0,10540,1524.8999999999999,Strong
BHARTIARTL,0.0,35.0,6893,11.0,12846,2078.4,Strong
BHARTIARTL,0.0,37.0,4241,7.0,7723,1283.3999999999999,Strong
BHARTIARTL,0.0,36.0,2184,2.0,3267,665.9999999999999,Strong
BHARTIARTL,0.0,32.0,1688,1.0,-1732,516.0,Strong
BHARTIARTL,0.0,42.0,-30664,-55.0,-42846,-9186.599999999999,Weak
BHARTIARTL,0.0,45.0,-12364,-26.0,-3432,-3695.7,Weak
BHARTIARTL,0.0,49.0,8305,7.0,12483,2506.2,Strong
BHARTIARTL,0.0,51.0,12287,15.0,16561,3701.4,Strong
BHARTIARTL,0.0,52.0,8558,13.0,12679,2583.0,Strong
BHARTIARTL,0.0,52.0,13816,22.0,18809,4160.400000000001,Strong
BEL,0.0,11.0,911,1.0,1147,276.6,Strong
BEL,0.0,14.0,952,1.0,1206,289.79999999999995,Strong
BEL,0.0,17.0,1197,2.0,1513,364.2,Strong
BEL,0.0,19.0,1337,2.0,1764,406.79999999999995,Strong
BEL,0.0,21.0,1523,2.0,1983,463.2,Strong
BEL,0.0,20.0,1431,2.0,1957,435.3,Strong
BEL,0.0,24.0,1887,3.0,2628,573.3000000000001,Strong
BEL,0.0,21.0,1825,3.0,2478,553.8,Strong
BEL,0.0,23.0,2100,3.0,2942,636.9,Strong
BEL,0.0,22.0,2400,3.0,3166,726.6,Strong
BEL,0.0,23.0,2986,4.0,3923,902.6999999999999,Strong
BEL,0.0,25.0,3985,5.0,5266,1203.0,Strong
BEL,0.0,26.0,4541,6.0,6010,1370.1,Strong
BHEL,0.0,19.0,6693,18.0,9531,2013.6,Strong
BHEL,0.0,12.0,3502,10.0,5078,1054.1999999999998,Strong
BHEL,0.0,7.0,1450,4.0,2187,437.1,Strong
BHEL,0.0,-5.0,-706,-2.0,-1161,-213.29999999999998,Weak
BHEL,0.0,4.0,455,1.0,586,137.7,Strong
BHEL,0.0,6.0,438,1.0,1215,133.20000000000002,Strong
BHEL,0.0,7.0,1002,3.0,1840,302.7,Strong
BHEL,0.0,-1.0,-1468,-4.0,-659,-440.7,Weak
BHEL,0.0,-18.0,-2700,-8.0,-3596,-815.4,Weak
BHEL,0.0,4.0,445,1.0,470,134.7,Strong
BHEL,0.0,4.0,654,2.0,716,197.39999999999998,Strong
BHEL,0.0,3.0,282,1.0,243,85.5,Moderate
BHEL,0.0,4.0,445,1.0,583,134.7,Strong
BOSCHLTD,0.0,16.0,958,305.0,1346,292.2,Strong
BOSCHLTD,0.0,15.0,885,282.0,1257,270.0,Strong
BOSCHLTD,0.0,16.0,1338,426.0,1956,406.2,Strong
BOSCHLTD,0.0,19.0,1531,488.0,2102,465.0,Strong
BOSCHLTD,0.0,19.0,1741,570.0,2391,528.0,Strong
BOSCHLTD,0.0,18.0,1371,449.0,2041,416.7,Strong
BOSCHLTD,0.0,18.0,1598,542.0,2339,484.79999999999995,Strong
BOSCHLTD,0.0,15.0,650,220.0,985,199.5,Strong
BOSCHLTD,0.0,12.0,482,164.0,567,148.2,Strong
BOSCHLTD,0.0,12.0,1217,413.0,1500,368.7,Strong
BOSCHLTD,0.0,13.0,1424,483.0,1882,431.09999999999997,Strong
BOSCHLTD,0.0,13.0,2490,844.0,3181,750.9,Strong
BOSCHLTD,0.0,13.0,2084,707.0,2668,629.0999999999999,Strong
BPCL,0.0,3.0,1936,4.0,3220,581.6999999999999,Strong
BPCL,0.0,4.0,4053,9.0,6166,1217.1,Strong
BPCL,0.0,4.0,5082,11.0,7690,1525.8,Strong
BPCL,0.0,7.0,8089,19.0,12132,2428.7999999999997,Strong
BPCL,0.0,7.0,9507,20.0,13700,2854.2,Strong
BPCL,0.0,6.0,9792,21.0,14174,2939.4,Strong
BPCL,0.0,5.0,8528,18.0,12905,2559.9,Strong
BPCL,0.0,3.0,3666,7.0,3652,1100.7,Strong
BPCL,0.0,9.0,17320,37.0,22432,5198.7,Strong
BPCL,0.0,6.0,11682,27.0,16037,3506.4,Strong
BPCL,0.0,2.0,2131,5.0,2821,639.9,Strong
BPCL,0.0,10.0,26859,62.0,36194,8060.7,Strong
BPCL,0.0,6.0,13734,32.0,18955,4122.0,Strong
BRITANNIA,0.0,7.0,260,11.0,358,80.1,Moderate
BRITANNIA,0.0,9.0,395,16.0,569,121.2,Strong
BRITANNIA,0.0,11.0,689,29.0,950,210.0,Strong
BRITANNIA,0.0,15.0,825,34.0,1220,252.0,Strong
BRITANNIA,0.0,14.0,885,37.0,1304,269.7,Strong
BRITANNIA,0.0,15.0,1004,42.0,1518,305.7,Strong
BRITANNIA,0.0,16.0,1155,48.0,1768,351.3,Strong
BRITANNIA,0.0,16.0,1394,58.0,1844,423.0,Strong
BRITANNIA,0.0,19.0,1851,77.0,2514,561.0,Strong
BRITANNIA,0.0,16.0,1516,63.0,2078,459.6,Strong
BRITANNIA,0.0,17.0,2316,96.0,3033,699.9,Strong
BRITANNIA,0.0,19.0,2134,89.0,2913,645.9,Strong
BRITANNIA,0.0,18.0,2129,89.0,2889,644.0999999999999,Strong
CANBK,0.0,655.0,2995,12.0,3771,1095.0,Strong
CANBK,0.0,-672.0,2672,10.0,3242,600.0,Strong
CANBK,0.0,-621.0,2931,11.0,3683,693.0,Strong
CANBK,0.0,-8008.0,-2535,-9.0,-2914,-3162.9,Weak
CANBK,0.0,-5775.0,1411,5.0,1746,-1309.2,Weak
CANBK,0.0,-13350.0,-3873,-11.0,-6408,-5166.9,Weak
CANBK,0.0,-11590.0,696,2.0,-2111,-3268.2,Weak
CANBK,0.0,-12867.0,-1921,-4.0,-1514,-4436.4,Weak
CANBK,0.0,-18367.0,2957,4.0,3882,-4622.999999999999,Weak
CANBK,0.0,-13657.0,6158,7.0,9145,-2249.7,Weak
CANBK,0.0,-9877.0,11345,12.0,14427,440.4000000000001,Strong
CANBK,0.0,-7745.0,15401,17.0,20000,2296.8,Strong
CANBK,0.0,-8985.0,16571,18.0,21409,2275.8,Strong
CHOLAFIN,0.0,472.0,308,4.0,452,234.0,Strong
CHOLAFIN,0.0,578.0,368,5.0,554,283.8,Strong
CHOLAFIN,0.0,696.0,444,6.0,666,342.0,Strong
CHOLAFIN,0.0,899.0,575,7.0,879,442.2,Strong
CHOLAFIN,0.0,1143.0,718,9.0,1107,558.3,Strong
CHOLAFIN,0.0,1451.0,918,12.0,1401,710.7,Strong
CHOLAFIN,0.0,1888.0,1197,15.0,1832,925.5,Strong
CHOLAFIN,0.0,1699.0,1054,13.0,1588,825.9,Strong
CHOLAFIN,0.0,2094.0,1521,19.0,2048,1084.5,Strong
CHOLAFIN,0.0,2924.0,2154,26.0,2908,1523.3999999999999,Strong
CHOLAFIN,0.0,3515.0,2665,32.0,3615,1854.0,Strong
CHOLAFIN,0.0,4548.0,3420,41.0,4605,2390.3999999999996,Strong
CHOLAFIN,0.0,5175.0,3852,46.0,5180,2708.1,Strong
CIPLA,0.0,2214.0,1545,19.0,2095,1127.6999999999998,Strong
CIPLA,0.0,2147.0,1404,17.0,1880,1065.3,Strong
CIPLA,0.0,2163.0,1229,15.0,1654,1017.5999999999999,Strong
CIPLA,0.0,2480.0,1383,17.0,1727,1158.9,Strong
CIPLA,0.0,2496.0,1035,13.0,1222,1059.3,Strong
CIPLA,0.0,2826.0,1417,18.0,1669,1272.8999999999999,Strong
CIPLA,0.0,3097.0,1492,19.0,2079,1376.6999999999998,Strong
CIPLA,0.0,3206.0,1500,19.0,2178,1411.8,Strong
CIPLA,0.0,4252.0,2389,30.0,3290,1992.2999999999997,Strong
CIPLA,0.0,4553.0,2547,31.0,3493,2130.0,Strong
CIPLA,0.0,5027.0,2833,35.0,4038,2358.0,Strong
CIPLA,0.0,6291.0,4154,51.0,5702,3133.5,Strong
CIPLA,0.0,6906.0,4987,62.0,6576,3567.8999999999996,Strong
COALINDIA,0.0,18087.0,17356,27.0,24979,10632.9,Strong
COALINDIA,0.0,17766.0,15112,24.0,22880,9863.4,Strong
COALINDIA,0.0,17343.0,13727,22.0,21584,9321.0,Strong
COALINDIA,0.0,18714.0,14267,23.0,21440,9894.3,Strong
COALINDIA,0.0,12448.0,9280,15.0,14446,6518.4,Strong
COALINDIA,0.0,9288.0,7038,11.0,10770,4897.8,Strong
COALINDIA,0.0,25007.0,17464,28.0,27127,12741.3,Strong
COALINDIA,0.0,21581.0,16700,27.0,24071,11484.3,Strong
COALINDIA,0.0,18628.0,12702,21.0,18009,9399.0,Strong
COALINDIA,0.0,24721.0,17378,28.0,23616,12629.699999999999,Strong
COALINDIA,0.0,44232.0,31723,52.0,43275,22786.5,Strong
COALINDIA,0.0,47971.0,37369,61.0,48813,25602.0,Strong
COALINDIA,0.0,46610.0,34350,56.0,45523,24288.0,Strong
DABUR,0.0,16.0,766,4.0,948,234.6,Strong
DABUR,0.0,16.0,916,5.0,1136,279.6,Strong
DABUR,0.0,17.0,1068,6.0,1319,325.5,Strong
DABUR,0.0,20.0,1254,7.0,1554,382.2,Strong
DABUR,0.0,20.0,1280,7.0,1611,390.0,Strong
DABUR,0.0,21.0,1358,8.0,1693,413.7,Strong
DABUR,0.0,20.0,1446,8.0,1725,439.8,Strong
DABUR,0.0,21.0,1448,8.0,1728,440.7,Strong
DABUR,0.0,21.0,1695,10.0,2056,514.8,Strong
DABUR,0.0,21.0,1742,10.0,2269,528.9,Strong
DABUR,0.0,19.0,1701,10.0,2219,516.0,Strong
DABUR,0.0,19.0,1811,10.0,2359,549.0,Strong
DABUR,0.0,19.0,1760,10.0,2302,533.7,Strong
DIVISLAB,0.0,38.0,602,23.0,781,192.0,Strong
DIVISLAB,0.0,40.0,773,29.0,991,243.89999999999998,Strong
DIVISLAB,0.0,38.0,852,32.0,1072,267.0,Strong
DIVISLAB,0.0,38.0,1126,42.0,1393,349.2,Strong
DIVISLAB,0.0,36.0,1060,40.0,1395,328.8,Strong
DIVISLAB,0.0,33.0,877,33.0,1231,272.99999999999994,Strong
DIVISLAB,0.0,38.0,1353,51.0,1855,417.29999999999995,Strong
DIVISLAB,0.0,34.0,1377,52.0,1819,423.29999999999995,Strong
DIVISLAB,0.0,41.0,1984,75.0,2666,607.4999999999999,Strong
DIVISLAB,0.0,43.0,2960,112.0,3684,900.9,Strong
DIVISLAB,0.0,31.0,1824,69.0,2369,556.4999999999999,Strong
DIVISLAB,0.0,28.0,1600,60.0,2163,488.4,Strong
DIVISLAB,0.0,30.0,1836,69.0,2528,559.8,Strong
DLF,0.0,34.0,667,4.0,802,210.29999999999998,Strong
DLF,0.0,30.0,590,4.0,500,186.0,Strong
DLF,0.0,39.0,507,3.0,668,163.79999999999998,Strong
DLF,0.0,40.0,305,2.0,1026,103.5,Strong
DLF,0.0,42.0,708,4.0,1030,225.0,Strong
DLF,0.0,35.0,4477,25.0,8615,1353.6,Strong
DLF,0.0,26.0,1314,6.0,646,402.0,Strong
DLF,0.0,19.0,-590,-2.0,653,-171.3,Weak
DLF,0.0,27.0,1083,4.0,840,333.0,Strong
DLF,0.0,30.0,1500,6.0,1165,459.0,Strong
DLF,0.0,30.0,2034,8.0,1502,619.1999999999999,Strong
DLF,0.0,33.0,2724,11.0,2151,827.0999999999999,Strong
DLF,0.0,27.0,4004,16.0,2010,1209.3,Strong
DMART,0.0,6.0,94,2.0,141,30.0,Weak
DMART,0.0,7.0,161,3.0,245,50.4,Moderate
DMART,0.0,7.0,212,4.0,323,65.69999999999999,Moderate
DMART,0.0,8.0,320,6.0,492,98.4,Moderate
DMART,0.0,8.0,479,8.0,747,146.1,Strong
DMART,0.0,9.0,806,13.0,1222,244.49999999999997,Strong
DMART,0.0,8.0,902,14.0,1422,272.99999999999994,Strong
DMART,0.0,9.0,1301,20.0,1745,393.0,Strong
DMART,0.0,7.0,1099,17.0,1483,331.8,Strong
DMART,0.0,8.0,1492,23.0,2064,449.99999999999994,Strong
DMART,0.0,8.0,2378,37.0,3060,715.8,Strong
DMART,0.0,8.0,2536,39.0,3461,763.1999999999999,Strong
DMART,0.0,8.0,2720,42.0,3716,818.4,Strong
DRREDDY,0.0,23.0,1527,18.0,2165,464.99999999999994,Strong
DRREDDY,0.0,24.0,1963,23.0,2646,596.1,Strong
DRREDDY,0.0,23.0,2336,27.0,2900,707.6999999999999,Strong
DRREDDY,0.0,23.0,2131,25.0,2859,646.1999999999999,Strong
DRREDDY,0.0,17.0,1292,16.0,1554,392.7,Strong
DRREDDY,0.0,16.0,947,11.0,1350,288.9,Strong
DRREDDY,0.0,21.0,1950,23.0,2336,591.3,Strong
DRREDDY,0.0,14.0,2026,24.0,1886,612.0,Strong
DRREDDY,0.0,20.0,1952,23.0,2884,591.6,Strong
DRREDDY,0.0,17.0,2182,26.0,3061,659.7,Strong
DRREDDY,0.0,26.0,4507,54.0,6048,1359.8999999999999,Strong
DRREDDY,0.0,28.0,5578,67.0,7201,1681.8,Strong
DRREDDY,0.0,27.0,5448,64.0,7280,1642.4999999999998,Strong
EICHERMOT,0.0,9.0,475,12.0,600,145.2,Strong
EICHERMOT,0.0,11.0,525,15.0,671,160.8,Strong
EICHERMOT,0.0,13.0,702,23.0,993,214.5,Strong
EICHERMOT,0.0,27.0,1338,49.0,1877,409.5,Strong
EICHERMOT,0.0,31.0,1667,61.0,2433,509.4,Strong
EICHERMOT,0.0,31.0,1960,72.0,3116,597.3,Strong
EICHERMOT,0.0,30.0,2203,81.0,3297,669.9,Strong
EICHERMOT,0.0,24.0,1827,67.0,2355,555.3000000000001,Strong
EICHERMOT,0.0,20.0,1347,49.0,2203,410.09999999999997,Strong
EICHERMOT,0.0,21.0,1677,61.0,2203,509.4,Strong
EICHERMOT,0.0,24.0,2914,107.0,3800,881.4,Strong
EICHERMOT,0.0,26.0,4001,146.0,5202,1208.1,Strong
EICHERMOT,0.0,26.0,4268,156.0,5486,1288.1999999999998,Strong
GAIL,0.0,15.0,4367,6.0,6558,1314.6,Strong
GAIL,0.0,13.0,4786,7.0,6922,1439.7,Strong
GAIL,0.0,9.0,3160,5.0,4492,950.7,Strong
GAIL,0.0,9.0,1874,3.0,2949,564.9,Strong
GAIL,0.0,12.0,3374,5.0,5183,1015.8,Strong
GAIL,0.0,14.0,4805,7.0,6928,1445.7,Strong
GAIL,0.0,13.0,6553,10.0,9831,1969.8,Strong
GAIL,0.0,12.0,9515,14.0,10429,2858.1,Strong
GAIL,0.0,13.0,6143,9.0,7725,1846.8,Strong
GAIL,0.0,16.0,12304,18.0,15464,3696.0,Strong
GAIL,0.0,5.0,5596,9.0,7256,1680.3,Strong
GAIL,0.0,11.0,9903,15.0,12595,2974.2000000000003,Strong
GAIL,0.0,12.0,11541,18.0,14758,3465.8999999999996,Strong
GODREJCP,0.0,16.0,845,8.0,1025,258.3,Strong
GODREJCP,0.0,15.0,819,7.0,1030,250.2,Strong
GODREJCP,0.0,17.0,976,9.0,1249,297.90000000000003,Strong
GODREJCP,0.0,20.0,831,8.0,1167,255.29999999999998,Strong
GODREJCP,0.0,21.0,1308,13.0,1687,398.7,Strong
GODREJCP,0.0,21.0,1634,16.0,2039,496.5,Strong
GODREJCP,0.0,21.0,2342,23.0,2085,708.9,Strong
GODREJCP,0.0,22.0,1497,15.0,1760,455.7,Strong
GODREJCP,0.0,22.0,1721,17.0,2080,522.9,Strong
GODREJCP,0.0,20.0,1783,17.0,2155,540.9,Strong
GODREJCP,0.0,18.0,1702,17.0,2133,516.0,Strong
GODREJCP,0.0,21.0,-561,-5.0,198,-161.99999999999997,Weak
GODREJCP,0.0,21.0,-453,-4.0,348,-129.6,Weak
GRASIM,0.0,21.0,3778,57.0,5171,1139.6999999999998,Strong
GRASIM,0.0,17.0,2954,44.0,3586,891.3,Strong
GRASIM,0.0,16.0,2582,37.0,3443,779.4,Strong
GRASIM,0.0,17.0,3455,51.0,4679,1041.6,Strong
GRASIM,0.0,20.0,4246,66.0,5952,1279.8,Strong
GRASIM,0.0,21.0,3688,39.0,5635,1112.6999999999998,Strong
GRASIM,0.0,22.0,2745,25.0,5163,830.1,Strong
GRASIM,0.0,15.0,6639,65.0,6554,1996.1999999999998,Strong
GRASIM,0.0,24.0,6987,63.0,10009,2103.2999999999997,Strong
GRASIM,0.0,21.0,11206,111.0,13143,3368.1,Strong
GRASIM,0.0,18.0,11078,100.0,14727,3328.8,Strong
GRASIM,0.0,21.0,9926,85.0,13700,2984.1,Strong
GRASIM,0.0,20.0,8693,67.0,12344,2613.9,Strong
HAL,0.0,5.0,2997,124.0,3497,900.6,Strong
HAL,0.0,10.0,2693,28.0,3578,810.9,Strong
HAL,0.0,15.0,2388,25.0,3173,720.9,Strong
HAL,0.0,15.0,1998,28.0,3207,603.9,Strong
HAL,0.0,18.0,2616,36.0,3583,790.1999999999999,Strong
HAL,0.0,19.0,1987,30.0,3240,601.8000000000001,Strong
HAL,0.0,23.0,2346,35.0,3742,710.6999999999999,Strong
HAL,0.0,23.0,2842,42.0,3938,859.5,Strong
HAL,0.0,23.0,3239,48.0,4277,978.5999999999999,Strong
HAL,0.0,22.0,5086,76.0,5231,1532.3999999999999,Strong
HAL,0.0,25.0,5811,87.0,6493,1750.8,Strong
HAL,0.0,32.0,7595,114.0,10199,2288.1,Strong
HAL,0.0,32.0,8472,127.0,11045,2551.2,Strong
HAVELLS,0.0,9.0,581,9.0,664,176.99999999999997,Strong
HAVELLS,0.0,10.0,446,7.0,594,136.79999999999998,Strong
HAVELLS,0.0,9.0,385,6.0,569,118.2,Strong
HAVELLS,0.0,10.0,1300,21.0,1520,393.0,Strong
HAVELLS,0.0,13.0,494,8.0,723,152.1,Strong
HAVELLS,0.0,13.0,661,11.0,965,202.2,Strong
HAVELLS,0.0,12.0,788,13.0,1147,239.99999999999997,Strong
HAVELLS,0.0,11.0,735,12.0,904,223.8,Strong
HAVELLS,0.0,15.0,1044,17.0,1438,317.7,Strong
HAVELLS,0.0,13.0,1196,19.0,1607,362.7,Strong
HAVELLS,0.0,10.0,1072,17.0,1447,324.59999999999997,Strong
HAVELLS,0.0,10.0,1271,20.0,1707,384.3,Strong
HAVELLS,0.0,10.0,1400,22.0,1889,423.0,Strong
HCLTECH,0.0,22.0,4040,14.0,5270,1218.6,Strong
HCLTECH,0.0,25.0,6528,23.0,7917,1965.8999999999999,Strong
HCLTECH,0.0,23.0,7342,26.0,9117,2209.5,Strong
HCLTECH,0.0,21.0,5602,20.0,7041,1686.8999999999999,Strong
HCLTECH,0.0,22.0,8606,30.0,10542,2588.3999999999996,Strong
HCLTECH,0.0,22.0,8722,31.0,11024,2623.2,Strong
HCLTECH,0.0,23.0,10120,37.0,12622,3042.9,Strong
HCLTECH,0.0,24.0,11057,41.0,13980,3324.2999999999997,Strong
HCLTECH,0.0,27.0,11169,41.0,15853,3358.7999999999997,Strong
HCLTECH,0.0,24.0,13523,50.0,16951,4064.0999999999995,Strong
HCLTECH,0.0,22.0,14845,55.0,19488,4460.1,Strong
HCLTECH,0.0,22.0,15710,58.0,20967,4719.6,Strong
HCLTECH,0.0,22.0,17085,63.0,22795,5132.1,Strong
HDFCBANK,10.0,3534.0,6903,14.0,10004,3135.1000000000004,Strong
HDFCBANK,5.0,3534.0,6903,14.0,10004,3133.1000000000004,Strong
HDFCBANK,3.0,3534.0,6903,14.0,10004,3132.3,Strong
HDFCBANK,17.0,3534.0,6903,14.0,10004,3137.9,Strong
HDFCBANK,10.0,5602.0,8768,18.0,13211,4315.0,Strong
HDFCBANK,5.0,5602.0,8768,18.0,13211,4313.0,Strong
HDFCBANK,3.0,5602.0,8768,18.0,13211,4312.2,Strong
HDFCBANK,17.0,5602.0,8768,18.0,13211,4317.8,Strong
HDFCBANK,10.0,7214.0,10703,21.0,16079,5379.1,Strong
HDFCBANK,5.0,7214.0,10703,21.0,16079,5377.1,Strong
HDFCBANK,3.0,7214.0,10703,21.0,16079,5376.299999999999,Strong
HDFCBANK,17.0,7214.0,10703,21.0,16079,5381.9,Strong
HDFCBANK,10.0,9037.0,12821,25.0,19511,6561.4,Strong
HDFCBANK,5.0,9037.0,12821,25.0,19511,6559.4,Strong
HDFCBANK,3.0,9037.0,12821,25.0,19511,6558.599999999999,Strong
HDFCBANK,17.0,9037.0,12821,25.0,19511,6564.2,Strong
HDFCBANK,10.0,11374.0,15317,30.0,23393,8011.299999999999,Strong
HDFCBANK,5.0,11374.0,15317,30.0,23393,8009.299999999999,Strong
HDFCBANK,3.0,11374.0,15317,30.0,23393,8008.499999999999,Strong
HDFCBANK,17.0,11374.0,15317,30.0,23393,8014.099999999999,Strong
HDFCBANK,10.0,13374.0,18561,36.0,28464,9584.5,Strong
HDFCBANK,5.0,13374.0,18561,36.0,28464,9582.5,Strong
HDFCBANK,3.0,13374.0,18561,36.0,28464,9581.7,Strong
HDFCBANK,17.0,13374.0,18561,36.0,28464,9587.3,Strong
HDFCBANK,10.0,16592.0,22446,41.0,34318,11715.4,Strong
HDFCBANK,5.0,16592.0,22446,41.0,34318,11713.4,Strong
HDFCBANK,3.0,16592.0,22446,41.0,34318,11712.599999999999,Strong
HDFCBANK,17.0,16592.0,22446,41.0,34318,11718.2,Strong
HDFCBANK,10.0,14593.0,27296,50.0,38195,12570.699999999999,Strong
HDFCBANK,5.0,14593.0,27296,50.0,38195,12568.699999999999,Strong
HDFCBANK,3.0,14593.0,27296,50.0,38195,12567.899999999998,Strong
HDFCBANK,17.0,14593.0,27296,50.0,38195,12573.5,Strong
HDFCBANK,10.0,16848.0,31857,58.0,42796,14615.5,Strong
HDFCBANK,5.0,16848.0,31857,58.0,42796,14613.5,Strong
HDFCBANK,3.0,16848.0,31857,58.0,42796,14612.7,Strong
HDFCBANK,17.0,16848.0,31857,58.0,42796,14618.3,Strong
HDFCBANK,10.0,20795.0,38151,69.0,50873,17687.8,Strong
HDFCBANK,5.0,20795.0,38151,69.0,50873,17685.8,Strong
HDFCBANK,3.0,20795.0,38151,69.0,50873,17685.0,Strong
HDFCBANK,17.0,20795.0,38151,69.0,50873,17690.6,Strong
HDFCBANK,10.0,29932.0,46149,82.0,61498,22828.3,Strong
HDFCBANK,5.0,29932.0,46149,82.0,61498,22826.3,Strong
HDFCBANK,3.0,29932.0,46149,82.0,61498,22825.5,Strong
HDFCBANK,17.0,29932.0,46149,82.0,61498,22831.1,Strong
HDFCBANK,10.0,-44685.0,65446,84.0,76569,6232.299999999999,Strong
HDFCBANK,5.0,-44685.0,65446,84.0,76569,6230.299999999999,Strong
HDFCBANK,3.0,-44685.0,65446,84.0,76569,6229.5,Strong
HDFCBANK,17.0,-44685.0,65446,84.0,76569,6235.0999999999985,Strong
HDFCBANK,10.0,-57587.0,72168,91.0,88430,4378.299999999999,Strong
HDFCBANK,5.0,-57587.0,72168,91.0,88430,4376.299999999999,Strong
HDFCBANK,3.0,-57587.0,72168,91.0,88430,4375.5,Strong
HDFCBANK,17.0,-57587.0,72168,91.0,88430,4381.0999999999985,Strong
HDFCLIFE,0.0,525.0,447,2.0,502,291.6,Strong
HDFCLIFE,0.0,605.0,725,4.0,794,399.0,Strong
HDFCLIFE,0.0,874.0,786,4.0,924,498.0,Strong
HDFCLIFE,0.0,953.0,817,4.0,1008,531.0,Strong
HDFCLIFE,0.0,972.0,887,4.0,1061,557.6999999999999,Strong
HDFCLIFE,0.0,1074.0,1107,6.0,1300,654.3,Strong
HDFCLIFE,0.0,1215.0,1278,6.0,1291,747.9,Strong
HDFCLIFE,0.0,1141.0,1297,6.0,1463,731.4,Strong
HDFCLIFE,0.0,1235.0,1361,7.0,1629,778.8,Strong
HDFCLIFE,0.0,778.0,1327,6.0,1487,631.5,Strong
HDFCLIFE,0.0,80.0,1368,6.0,1441,434.4,Strong
HDFCLIFE,0.0,531.0,1574,7.0,977,631.5,Strong
HDFCLIFE,0.0,725.0,1747,8.0,1239,741.6,Strong
HEROMOTOCO,0.0,3553.0,2102,105.0,2864,1696.5,Strong
HEROMOTOCO,0.0,3520.0,2364,118.0,3292,1765.1999999999998,Strong
HEROMOTOCO,0.0,4424.0,3112,157.0,4387,2260.8,Strong
HEROMOTOCO,0.0,4585.0,3546,179.0,4885,2439.3,Strong
HEROMOTOCO,0.0,5334.0,3722,186.0,5292,2716.8,Strong
HEROMOTOCO,0.0,5025.0,3466,172.0,5104,2547.3,Strong
HEROMOTOCO,0.0,4070.0,3659,182.0,4611,2318.7,Strong
HEROMOTOCO,0.0,4058.0,2936,146.0,3849,2098.2,Strong
HEROMOTOCO,0.0,3256.0,2329,116.0,3058,1675.5,Strong
HEROMOTOCO,0.0,4099.0,2800,141.0,3864,2069.7,Strong
HEROMOTOCO,0.0,5235.0,3742,187.0,5090,2693.1,Strong
HEROMOTOCO,0.0,5561.0,4133,207.0,5620,2908.2,Strong
HINDALCO,0.0,7699.0,3007,16.0,3909,3211.7999999999997,Strong
HINDALCO,0.0,8024.0,2195,11.0,2653,3065.7,Strong
HINDALCO,0.0,8844.0,259,4.0,340,2730.8999999999996,Strong
HINDALCO,0.0,7778.0,-702,-1.0,-203,2122.8,Strong
HINDALCO,0.0,12317.0,1882,8.0,3315,4259.7,Strong
HINDALCO,0.0,13695.0,6083,27.0,8157,5933.4,Strong
HINDALCO,0.0,15511.0,5495,24.0,8083,6301.8,Strong
HINDALCO,0.0,14306.0,3767,17.0,5924,5421.9,Strong
HINDALCO,0.0,17559.0,3483,16.0,6206,6312.599999999999,Strong
HINDALCO,0.0,28347.0,13730,61.0,19103,12623.1,Strong
HINDALCO,0.0,22666.0,10097,45.0,13241,9828.9,Strong
HINDALCO,0.0,23872.0,10155,45.0,14012,10208.099999999999,Strong
HINDALCO,0.0,27931.0,12488,56.0,17955,12125.699999999999,Strong
HINDUNILVR,0.0,4220.0,3839,18.0,5066,2417.7,Strong
HINDUNILVR,0.0,4759.0,3956,18.0,5215,2614.5,Strong
HINDUNILVR,0.0,5412.0,4376,20.0,6320,2936.3999999999996,Strong
HINDUNILVR,0.0,5910.0,4151,19.0,6026,3018.3,Strong
HINDUNILVR,0.0,6328.0,4490,21.0,6467,3245.3999999999996,Strong
HINDUNILVR,0.0,7499.0,5227,24.0,7306,3817.7999999999997,Strong
HINDUNILVR,0.0,8880.0,6060,28.0,8604,4482.0,Strong
HINDUNILVR,0.0,9861.0,6756,31.0,9165,4985.099999999999,Strong
HINDUNILVR,0.0,11626.0,7999,34.0,10605,5887.5,Strong
HINDUNILVR,0.0,12857.0,8892,38.0,11879,6524.7,Strong
HINDUNILVR,0.0,14147.0,10143,43.0,13344,7287.0,Strong
HINDUNILVR,0.0,14659.0,10282,44.0,13926,7482.299999999999,Strong
HINDUNILVR,0.0,14759.0,10757,46.0,14472,7654.799999999999,Strong
ICICIBANK,0.0,-15085.0,10130,15.0,13610,-1486.5,Weak
ICICIBANK,0.0,-13084.0,11677,17.0,16282,-422.0999999999999,Weak
ICICIBANK,0.0,-16120.0,12942,19.0,18334,-953.4000000000001,Weak
ICICIBANK,0.0,-26955.0,10927,16.0,14304,-4808.4,Weak
ICICIBANK,0.0,-37737.0,11340,16.0,13809,-7919.1,Weak
ICICIBANK,0.0,-44906.0,9100,12.0,10978,-10741.8,Weak
ICICIBANK,0.0,-50971.0,5689,7.0,7408,-13584.599999999999,Weak
ICICIBANK,0.0,-45190.0,11225,15.0,18589,-10189.5,Weak
ICICIBANK,0.0,-44805.0,20364,27.0,26028,-7332.3,Weak
ICICIBANK,0.0,-26558.0,26538,36.0,34241,-6.0,Weak
ICICIBANK,0.0,-17341.0,35461,49.0,46256,5435.999999999999,Strong
ICICIBANK,0.0,-14152.0,46081,63.0,60434,9578.7,Strong
ICICIBANK,0.0,-31575.0,52416,70.0,70242,6252.299999999999,Strong
ICICIGI,0.0,-178.0,353,8.0,351,52.49999999999999,Moderate
ICICIGI,0.0,-225.0,520,12.0,533,88.5,Moderate
ICICIGI,0.0,-221.0,585,13.0,705,109.2,Strong
ICICIGI,0.0,764.0,507,11.0,708,381.29999999999995,Strong
ICICIGI,0.0,919.0,702,16.0,910,486.29999999999995,Strong
ICICIGI,0.0,-262.0,862,19.0,1196,179.99999999999997,Strong
ICICIGI,0.0,1669.0,1049,23.0,1598,815.4,Strong
ICICIGI,0.0,1772.0,1194,26.0,1697,889.8,Strong
ICICIGI,0.0,2072.0,1473,32.0,1954,1063.5,Strong
ICICIGI,0.0,1016.0,1271,26.0,1684,686.1,Strong
ICICIGI,0.0,1264.0,1729,35.0,2113,897.8999999999999,Strong
ICICIGI,0.0,2577.0,1919,39.0,2555,1348.8,Strong
ICICIGI,0.0,3363.0,2518,51.0,3351,1764.3,Strong
ICICIPRULI,0.0,745.0,1515,11.0,1591,678.0,Strong
ICICIPRULI,0.0,1504.0,1561,11.0,1572,919.5,Strong
ICICIPRULI,0.0,1655.0,1640,11.0,1642,988.5,Strong
ICICIPRULI,0.0,1842.0,1650,12.0,1842,1047.6,Strong
ICICIPRULI,0.0,1806.0,1682,12.0,1863,1046.3999999999999,Strong
ICICIPRULI,0.0,1771.0,1619,11.0,1839,1017.0,Strong
ICICIPRULI,0.0,541.0,1139,8.0,1274,504.0,Strong
ICICIPRULI,0.0,-319.0,1067,7.0,1198,224.39999999999998,Strong
ICICIPRULI,0.0,-390.0,956,7.0,1219,169.8,Strong
ICICIPRULI,0.0,-2163.0,759,5.0,961,-421.2,Weak
ICICIPRULI,0.0,-1757.0,813,6.0,1085,-283.20000000000005,Weak
ICICIPRULI,0.0,-1829.0,851,6.0,1028,-293.4,Weak
ICICIPRULI,0.0,321.0,974,7.0,1254,388.5,Strong
INDUSINDBK,0.0,286.0,1061,20.0,1576,404.1,Strong
INDUSINDBK,0.0,335.0,1408,27.0,2128,522.9,Strong
INDUSINDBK,0.0,288.0,1794,34.0,2709,624.5999999999999,Strong
INDUSINDBK,0.0,329.0,2286,38.0,3469,784.5,Strong
INDUSINDBK,0.0,379.0,2868,48.0,4360,974.1,Strong
INDUSINDBK,0.0,942.0,3606,60.0,5481,1364.3999999999999,Strong
INDUSINDBK,0.0,-437.0,3301,55.0,4981,859.1999999999999,Strong
INDUSINDBK,0.0,-553.0,4418,64.0,6121,1159.4999999999998,Strong
INDUSINDBK,0.0,-2469.0,2836,37.0,3784,110.10000000000002,Strong
INDUSINDBK,0.0,-839.0,4611,60.0,6174,1131.6,Strong
INDUSINDBK,0.0,2067.0,7390,95.0,9860,2837.1,Strong
INDUSINDBK,0.0,2978.0,8950,115.0,11942,3578.4,Strong
INDUSINDBK,0.0,1323.0,8122,104.0,10844,2833.5,Strong
INFY,10.0,29.0,9429,21.0,12799,2841.3999999999996,Strong
INFY,5.0,29.0,9429,21.0,12799,2839.3999999999996,Strong
INFY,3.0,29.0,9429,21.0,12799,2838.6,Strong
INFY,32.0,29.0,9429,21.0,12799,2850.2,Strong
INFY,10.0,27.0,10656,23.0,14728,3208.8999999999996,Strong
INFY,5.0,27.0,10656,23.0,14728,3206.8999999999996,Strong
INFY,3.0,27.0,10656,23.0,14728,3206.1,Strong
INFY,32.0,27.0,10656,23.0,14728,3217.7,Strong
INFY,10.0,28.0,12372,27.0,17284,3724.0,Strong
INFY,5.0,28.0,12372,27.0,17284,3722.0,Strong
INFY,3.0,28.0,12372,27.0,17284,3721.2,Strong
INFY,32.0,28.0,12372,27.0,17284,3732.7999999999997,Strong
INFY,10.0,27.0,13489,29.0,18740,4058.7999999999997,Strong
INFY,5.0,27.0,13489,29.0,18740,4056.7999999999997,Strong
INFY,3.0,27.0,13489,29.0,18740,4056.0,Strong
INFY,32.0,27.0,13489,29.0,18740,4067.6,Strong
INFY,10.0,27.0,14353,31.0,19951,4318.0,Strong
INFY,5.0,27.0,14353,31.0,19951,4316.0,Strong
INFY,3.0,27.0,14353,31.0,19951,4315.2,Strong
INFY,32.0,27.0,14353,31.0,19951,4326.799999999999,Strong
INFY,10.0,27.0,16029,37.0,20270,4820.8,Strong
INFY,5.0,27.0,16029,37.0,20270,4818.8,Strong
INFY,3.0,27.0,16029,37.0,20270,4818.0,Strong
INFY,32.0,27.0,16029,37.0,20270,4829.599999999999,Strong
INFY,10.0,24.0,15410,35.0,21041,4634.2,Strong
INFY,5.0,24.0,15410,35.0,21041,4632.2,Strong
INFY,3.0,24.0,15410,35.0,21041,4631.4,Strong
INFY,32.0,24.0,15410,35.0,21041,4643.0,Strong
INFY,10.0,25.0,16639,39.0,22007,5003.2,Strong
INFY,5.0,25.0,16639,39.0,22007,5001.2,Strong
INFY,3.0,25.0,16639,39.0,22007,5000.4,Strong
INFY,32.0,25.0,16639,39.0,22007,5012.0,Strong
INFY,10.0,28.0,19423,45.0,26628,5839.299999999999,Strong
INFY,5.0,28.0,19423,45.0,26628,5837.299999999999,Strong
INFY,3.0,28.0,19423,45.0,26628,5836.5,Strong
INFY,32.0,28.0,19423,45.0,26628,5848.099999999999,Strong
INFY,10.0,26.0,22146,53.0,30110,6655.6,Strong
INFY,5.0,26.0,22146,53.0,30110,6653.6,Strong
INFY,3.0,26.0,22146,53.0,30110,6652.8,Strong
INFY,32.0,26.0,22146,53.0,30110,6664.400000000001,Strong
INFY,10.0,24.0,24108,58.0,33322,7243.599999999999,Strong
INFY,5.0,24.0,24108,58.0,33322,7241.599999999999,Strong
INFY,3.0,24.0,24108,58.0,33322,7240.799999999999,Strong
INFY,32.0,24.0,24108,58.0,33322,7252.4,Strong
INFY,10.0,24.0,26248,63.0,35988,7885.599999999999,Strong
INFY,5.0,24.0,26248,63.0,35988,7883.599999999999,Strong
INFY,3.0,24.0,26248,63.0,35988,7882.799999999999,Strong
INFY,32.0,24.0,26248,63.0,35988,7894.4,Strong
INFY,10.0,24.0,27687,67.0,38184,8317.300000000001,Strong
INFY,5.0,24.0,27687,67.0,38184,8315.300000000001,Strong
INFY,3.0,24.0,27687,67.0,38184,8314.5,Strong
INFY,32.0,24.0,27687,67.0,38184,8326.1,Strong
IOC,0.0,3.0,3627,3.0,4504,1089.0,Strong
IOC,0.0,4.0,6967,5.0,9978,2091.2999999999997,Strong
IOC,0.0,2.0,4872,3.0,7014,1462.1999999999998,Strong
IOC,0.0,6.0,12413,8.0,18072,3725.7,Strong
IOC,0.0,10.0,20385,14.0,27956,6118.5,Strong
IOC,0.0,10.0,22626,15.0,34450,6790.8,Strong
IOC,0.0,7.0,17274,12.0,25927,5184.3,Strong
IOC,0.0,3.0,-1876,-1.0,-7177,-561.9,Weak
IOC,0.0,11.0,21762,15.0,30751,6531.9,Strong
IOC,0.0,8.0,25727,18.0,34289,7720.499999999999,Strong
IOC,0.0,4.0,11704,7.0,15038,3512.3999999999996,Strong
IOC,0.0,10.0,43161,30.0,57288,12951.3,Strong
IOC,0.0,4.0,10909,8.0,14438,3273.8999999999996,Strong
IRCTC,0.0,14.0,131,13.0,214,43.5,Weak
IRCTC,0.0,14.0,189,19.0,309,60.9,Moderate
IRCTC,0.0,21.0,229,11.0,355,75.0,Moderate
IRCTC,0.0,19.0,221,11.0,346,72.0,Moderate
IRCTC,0.0,20.0,309,4.0,479,98.7,Moderate
IRCTC,0.0,31.0,513,6.0,730,163.20000000000002,Strong
IRCTC,0.0,24.0,187,2.0,258,63.3,Moderate
IRCTC,0.0,47.0,660,8.0,885,212.1,Strong
IRCTC,0.0,36.0,1006,13.0,1354,312.6,Strong
IRCTC,0.0,34.0,1111,14.0,1496,343.5,Strong
IRCTC,0.0,34.0,1200,15.0,1617,370.2,Strong
IRFC,0.0,100.0,522,222.0,1454,186.6,Strong
IRFC,0.0,100.0,701,209.0,1572,240.29999999999998,Strong
IRFC,0.0,100.0,758,212.0,1914,257.4,Strong
IRFC,0.0,99.0,849,188.0,1950,284.4,Strong
IRFC,0.0,100.0,934,143.0,2133,310.2,Strong
IRFC,0.0,100.0,2055,3.0,2592,646.5,Strong
IRFC,0.0,100.0,2255,2.0,2902,706.5,Strong
IRFC,0.0,100.0,3192,3.0,3192,987.5999999999999,Strong
IRFC,0.0,99.0,4416,3.0,4416,1354.5,Strong
IRFC,0.0,99.0,6090,5.0,6090,1856.7,Strong
IRFC,0.0,99.0,6167,5.0,6167,1879.8,Strong
IRFC,0.0,100.0,6412,5.0,6412,1953.6,Strong
IRFC,0.0,99.0,6537,5.0,6537,1990.8,Strong
ITC,0.0,35.0,7704,6.0,11106,2321.7,Strong
ITC,0.0,37.0,9001,7.0,13052,2711.3999999999996,Strong
ITC,0.0,37.0,9779,8.0,14362,2944.7999999999997,Strong
ITC,0.0,37.0,9501,8.0,14859,2861.3999999999996,Strong
ITC,0.0,36.0,10477,8.0,16026,3153.9,Strong
ITC,0.0,38.0,11493,9.0,17409,3459.3,Strong
ITC,0.0,38.0,12836,10.0,19150,3862.2,Strong
ITC,0.0,39.0,15593,12.0,20035,4689.599999999999,Strong
ITC,0.0,35.0,13383,11.0,17938,4025.3999999999996,Strong
ITC,0.0,34.0,15503,12.0,20740,4661.099999999999,Strong
ITC,0.0,36.0,19477,15.0,25915,5853.9,Strong
ITC,0.0,37.0,20751,16.0,27140,6236.400000000001,Strong
ITC,0.0,35.0,20829,16.0,27302,6259.2,Strong
JINDALSTEL,0.0,31.0,2952,31.0,3833,894.9,Strong
JINDALSTEL,0.0,30.0,1896,21.0,2512,577.8,Strong
JINDALSTEL,0.0,28.0,-1452,-14.0,-1543,-427.2,Weak
JINDALSTEL,0.0,18.0,-3087,-32.0,-3964,-920.6999999999999,Weak
JINDALSTEL,0.0,22.0,-2538,-25.0,-3043,-754.8,Weak
JINDALSTEL,0.0,19.0,-1616,-15.0,-1864,-479.09999999999997,Weak
JINDALSTEL,0.0,18.0,-2412,-17.0,-2802,-718.2,Weak
JINDALSTEL,0.0,18.0,-400,-1.0,-291,-114.6,Weak
JINDALSTEL,0.0,32.0,4267,36.0,6078,1289.6999999999998,Strong
JINDALSTEL,0.0,30.0,6766,56.0,9690,2038.8,Strong
JINDALSTEL,0.0,19.0,3974,31.0,5266,1197.9,Strong
JINDALSTEL,0.0,20.0,5943,58.0,6241,1788.8999999999999,Strong
JINDALSTEL,0.0,21.0,5060,50.0,6163,1524.3,Strong
JIOFIN,0.0,88.0,31,0.0,49,35.699999999999996,Weak
JIOFIN,0.0,84.0,1605,3.0,1956,506.7,Strong
JIOFIN,0.0,78.0,1607,3.0,1944,505.49999999999994,Strong
JSWENERGY,0.0,32.0,901,6.0,1186,279.90000000000003,Strong
JSWENERGY,0.0,38.0,760,5.0,1060,239.4,Strong
JSWENERGY,0.0,39.0,1358,8.0,1892,419.09999999999997,Strong
JSWENERGY,0.0,41.0,1460,9.0,2017,450.3,Strong
JSWENERGY,0.0,40.0,623,4.0,892,198.9,Strong
JSWENERGY,0.0,34.0,85,0.0,338,35.7,Weak
JSWENERGY,0.0,31.0,684,4.0,897,214.5,Strong
JSWENERGY,0.0,36.0,1081,7.0,544,335.1,Strong
JSWENERGY,0.0,42.0,823,5.0,1099,259.5,Strong
JSWENERGY,0.0,44.0,1743,11.0,2238,536.1,Strong
JSWENERGY,0.0,32.0,1480,9.0,1943,453.6,Strong
JSWENERGY,0.0,47.0,1725,10.0,2167,531.6,Strong
JSWENERGY,0.0,47.0,1988,11.0,2352,610.5,Strong
JSWSTEEL,0.0,17.0,929,4.0,1999,283.8,Strong
JSWSTEEL,0.0,18.0,402,2.0,1308,126.0,Strong
JSWSTEEL,0.0,18.0,1722,7.0,2539,522.0,Strong
JSWSTEEL,0.0,15.0,-481,-1.0,-2468,-139.79999999999998,Weak
JSWSTEEL,0.0,22.0,3467,15.0,5128,1046.6999999999998,Strong
JSWSTEEL,0.0,21.0,6113,26.0,7651,1840.1999999999998,Strong
JSWSTEEL,0.0,22.0,7524,32.0,11168,2263.7999999999997,Strong
JSWSTEEL,0.0,16.0,3919,17.0,3013,1180.5,Strong
JSWSTEEL,0.0,25.0,7873,33.0,12015,2369.4,Strong
JSWSTEEL,0.0,27.0,20938,85.0,29745,6289.5,Strong
JSWSTEEL,0.0,11.0,4139,17.0,5655,1245.0,Strong
JSWSTEEL,0.0,16.0,8973,36.0,13380,2696.7000000000003,Strong
JSWSTEEL,0.0,13.0,3312,14.0,5359,997.4999999999999,Strong
KOTAKBANK,0.0,-1789.0,2238,15.0,3144,134.70000000000005,Strong
KOTAKBANK,0.0,-1379.0,2527,16.0,3695,344.40000000000003,Strong
KOTAKBANK,0.0,-3366.0,3105,20.0,4550,-78.29999999999995,Weak
KOTAKBANK,0.0,-2263.0,3524,19.0,5024,378.30000000000007,Strong
KOTAKBANK,0.0,-3965.0,5019,27.0,7332,316.20000000000005,Strong
KOTAKBANK,0.0,-4141.0,6258,33.0,9158,635.0999999999999,Strong
KOTAKBANK,0.0,-5114.0,7204,38.0,10576,626.9999999999998,Strong
KOTAKBANK,0.0,-5005.0,8593,45.0,11422,1076.4,Strong
KOTAKBANK,0.0,-9958.0,9990,50.0,13168,9.599999999999909,Weak
KOTAKBANK,0.0,-8512.0,12089,61.0,15948,1073.1,Strong
KOTAKBANK,0.0,-5746.0,14925,75.0,19646,2753.7,Strong
KOTAKBANK,0.0,-13382.0,18213,92.0,23863,1449.2999999999997,Strong
KOTAKBANK,0.0,-14146.0,22530,113.0,29413,2515.2,Strong
LICI,0.0,1.0,2627,0.0,8199,788.4,Strong
LICI,0.0,-1.0,2710,0.0,13544,812.7,Strong
LICI,0.0,0.0,2974,7.0,12151,892.1999999999999,Strong
LICI,0.0,0.0,4125,57.0,12138,1237.5,Strong
LICI,0.0,4.0,35997,65.0,41463,10800.300000000001,Strong
LICI,0.0,4.0,40916,66.0,47014,12276.0,Strong
LICI,0.0,3.0,41468,0.0,42102,12441.3,Strong
LODHA,0.0,23.0,264,6.0,355,86.10000000000001,Moderate
LODHA,0.0,25.0,381,9.0,556,121.8,Strong
LODHA,0.0,24.0,798,18.0,1269,246.59999999999997,Strong
LODHA,0.0,26.0,703,16.0,1198,218.70000000000002,Strong
LODHA,0.0,20.0,584,13.0,1001,181.2,Strong
LODHA,0.0,17.0,794,10.0,1182,243.29999999999998,Strong
LODHA,0.0,27.0,1644,21.0,2489,501.3,Strong
LODHA,0.0,15.0,742,9.0,1003,227.1,Strong
LODHA,0.0,25.0,48,1.0,33,21.9,Weak
LODHA,0.0,24.0,1208,12.0,1716,369.59999999999997,Strong
LODHA,0.0,22.0,490,5.0,452,153.6,Strong
LODHA,0.0,26.0,1554,16.0,2028,474.0,Strong
LODHA,0.0,28.0,2511,25.0,3248,761.6999999999999,Strong
LT,0.0,15.0,5291,38.0,7638,1591.8,Strong
LT,0.0,17.0,4885,35.0,7483,1470.6,Strong
LT,0.0,17.0,4966,34.0,7217,1494.8999999999999,Strong
LT,0.0,15.0,4592,31.0,8020,1382.1,Strong
LT,0.0,15.0,6486,43.0,8887,1950.3,Strong
LT,0.0,17.0,8004,53.0,11639,2406.2999999999997,Strong
LT,0.0,17.0,10217,63.0,14305,3070.2,Strong
LT,0.0,17.0,10894,68.0,14086,3273.2999999999997,Strong
LT,0.0,17.0,12921,82.0,16918,3881.3999999999996,Strong
LT,0.0,16.0,10419,62.0,14495,3130.5,Strong
LT,0.0,15.0,12531,75.0,17109,3763.7999999999997,Strong
LT,0.0,14.0,15547,95.0,20517,4668.299999999999,Strong
LT,0.0,13.0,16150,98.0,21425,4848.9,Strong
LTIM,0.0,23.0,562,174.0,749,175.5,Strong
LTIM,0.0,23.0,996,309.0,1204,305.7,Strong
LTIM,0.0,20.0,769,238.0,936,236.7,Strong
LTIM,0.0,18.0,836,49.0,1035,256.2,Strong
LTIM,0.0,19.0,971,57.0,1236,297.0,Strong
LTIM,0.0,16.0,1112,65.0,1442,338.4,Strong
LTIM,0.0,20.0,1516,87.0,2028,460.8,Strong
LTIM,0.0,19.0,1520,87.0,2003,461.7,Strong
LTIM,0.0,22.0,1938,111.0,2588,588.0,Strong
LTIM,0.0,20.0,3950,225.0,5294,1191.0,Strong
LTIM,0.0,18.0,4410,149.0,5792,1328.4,Strong
LTIM,0.0,18.0,4585,155.0,6049,1380.9,Strong
LTIM,0.0,17.0,4574,154.0,6133,1377.3,Strong
M&M,0.0,13.0,4129,33.0,5580,1242.6000000000001,Strong
M&M,0.0,14.0,5154,38.0,5820,1550.4,Strong
M&M,0.0,12.0,3381,25.0,4313,1017.9,Strong
M&M,0.0,13.0,3554,25.0,5672,1070.1000000000001,Strong
M&M,0.0,13.0,4051,30.0,6350,1219.2,Strong
M&M,0.0,14.0,7958,60.0,10326,2391.6,Strong
M&M,0.0,15.0,6017,43.0,8871,1809.6,Strong
M&M,0.0,13.0,-321,1.0,1655,-92.39999999999999,Weak
M&M,0.0,15.0,1512,15.0,3158,458.09999999999997,Strong
M&M,0.0,16.0,7253,53.0,9362,2180.7000000000003,Strong
M&M,0.0,17.0,11374,83.0,14060,3417.2999999999997,Strong
M&M,0.0,18.0,12270,91.0,15978,3686.4,Strong
M&M,0.0,19.0,13009,95.0,17303,3908.3999999999996,Strong
MARUTI,0.0,10.0,2470,82.0,3070,744.0,Strong
MARUTI,0.0,12.0,2854,94.0,3734,859.8,Strong
MARUTI,0.0,14.0,3809,126.0,4976,1146.9,Strong
MARUTI,0.0,16.0,5497,182.0,7585,1653.8999999999999,Strong
MARUTI,0.0,15.0,7511,249.0,10127,2257.7999999999997,Strong
MARUTI,0.0,15.0,7881,261.0,11167,2368.7999999999997,Strong
MARUTI,0.0,13.0,7651,253.0,10624,2299.2,Strong
MARUTI,0.0,10.0,5678,188.0,7103,1706.3999999999999,Strong
MARUTI,0.0,8.0,4389,145.0,5321,1319.1000000000001,Strong
MARUTI,0.0,7.0,3880,128.0,4697,1166.1,Strong
MARUTI,0.0,11.0,8264,274.0,10438,2482.5,Strong
MARUTI,0.0,13.0,13488,429.0,17424,4050.2999999999997,Strong
MARUTI,0.0,14.0,14021,446.0,19240,4210.5,Strong
MOTHERSON,0.0,6.0,452,1.0,834,137.4,Strong
MOTHERSON,0.0,8.0,1097,2.0,1596,331.49999999999994,Strong
MOTHERSON,0.0,8.0,1292,2.0,1817,389.99999999999994,Strong
MOTHERSON,0.0,10.0,1774,3.0,2293,535.1999999999999,Strong
MOTHERSON,0.0,10.0,2172,3.0,3083,654.6,Strong
MOTHERSON,0.0,9.0,2260,3.0,3267,680.7,Strong
MOTHERSON,0.0,8.0,2098,3.0,3200,631.8,Strong
MOTHERSON,0.0,8.0,1294,2.0,1983,390.59999999999997,Strong
MOTHERSON,0.0,8.0,1569,2.0,1500,473.09999999999997,Strong
MOTHERSON,0.0,7.0,1182,1.0,1788,356.7,Strong
MOTHERSON,0.0,8.0,1670,2.0,2405,503.4,Strong
MOTHERSON,0.0,9.0,3020,4.0,3840,908.7,Strong
MOTHERSON,0.0,10.0,4123,6.0,5095,1239.8999999999999,Strong
NAUKRI,0.0,26.0,76,8.0,130,30.6,Weak
NAUKRI,0.0,17.0,60,8.0,120,23.1,Weak
NAUKRI,0.0,3.0,-14,2.0,60,-3.3000000000000003,Weak
NAUKRI,0.0,12.0,118,11.0,175,39.0,Weak
NAUKRI,0.0,-1.0,-43,-2.0,5,-13.200000000000001,Weak
NAUKRI,0.0,22.0,501,42.0,585,156.89999999999998,Strong
NAUKRI,0.0,1.0,592,49.0,716,177.9,Strong
NAUKRI,0.0,-27.0,-246,-19.0,-126,-81.89999999999999,Weak
NAUKRI,0.0,7.0,1418,110.0,1602,427.5,Strong
NAUKRI,0.0,28.0,12882,991.0,14200,3873.0,Strong
NAUKRI,0.0,15.0,-70,-8.0,141,-16.5,Weak
NAUKRI,0.0,28.0,595,44.0,878,186.9,Strong
NAUKRI,0.0,28.0,551,36.0,1185,173.7,Strong
NESTLEIND,0.0,21.0,1117,12.0,1678,341.4,Strong
NESTLEIND,0.0,21.0,1185,12.0,1774,361.8,Strong
NESTLEIND,0.0,19.0,563,6.0,814,174.6,Strong
NESTLEIND,0.0,20.0,1001,10.0,1545,306.3,Strong
NESTLEIND,0.0,21.0,1225,13.0,1839,373.8,Strong
NESTLEIND,0.0,23.0,1607,17.0,2429,488.99999999999994,Strong
NESTLEIND,0.0,24.0,1968,20.0,2673,597.6,Strong
NESTLEIND,0.0,24.0,2082,22.0,2813,631.8000000000001,Strong
NESTLEIND,0.0,24.0,2118,22.0,2857,642.6,Strong
NESTLEIND,0.0,22.0,2391,25.0,3256,723.9,Strong
NESTLEIND,0.0,23.0,2999,31.0,4038,906.5999999999999,Strong
NESTLEIND,0.0,24.0,3933,41.0,5289,1187.1,Strong
NESTLEIND,0.0,24.0,3323,34.0,4458,1004.1,Strong
NHPC,0.0,65.0,2873,2.0,3895,881.4,Strong
NHPC,0.0,59.0,1633,1.0,2529,507.59999999999997,Strong
NHPC,0.0,62.0,2798,2.0,3718,858.0,Strong
NHPC,0.0,57.0,2365,2.0,3365,726.6,Strong
NHPC,0.0,57.0,3480,3.0,4535,1061.1,Strong
NHPC,0.0,55.0,2785,2.0,3040,852.0,Strong
NHPC,0.0,55.0,2836,3.0,4159,867.3,Strong
NHPC,0.0,54.0,3345,3.0,3266,1019.7,Strong
NHPC,0.0,55.0,3600,3.0,4495,1096.5,Strong
NHPC,0.0,44.0,3774,4.0,3217,1145.4,Strong
NHPC,0.0,58.0,4261,4.0,5237,1295.7,Strong
NHPC,0.0,50.0,4028,4.0,5043,1223.3999999999999,Strong
NHPC,0.0,52.0,3417,3.0,5213,1040.6999999999998,Strong
NTPC,0.0,25.0,12586,13.0,16611,3783.2999999999997,Strong
NTPC,0.0,25.0,11403,12.0,14486,3428.4,Strong
NTPC,0.0,22.0,9992,10.0,10456,3004.2,Strong
NTPC,0.0,25.0,10781,11.0,10618,3241.7999999999997,Strong
NTPC,0.0,26.0,10714,11.0,13426,3222.0,Strong
NTPC,0.0,26.0,10502,11.0,16154,3158.4,Strong
NTPC,0.0,23.0,14034,14.0,11255,4217.099999999999,Strong
NTPC,0.0,29.0,11902,12.0,21250,3579.2999999999997,Strong
NTPC,0.0,31.0,14969,15.0,17390,4500.0,Strong
NTPC,0.0,30.0,16960,17.0,22007,5097.0,Strong
NTPC,0.0,27.0,17121,17.0,23917,5144.400000000001,Strong
NTPC,0.0,29.0,21332,21.0,28142,6408.299999999999,Strong
NTPC,0.0,28.0,22546,23.0,29739,6772.2,Strong
ONGC,0.0,27.0,23994,19.0,36742,7206.3,Strong
ONGC,0.0,28.0,26665,21.0,39413,8007.9,Strong
ONGC,0.0,26.0,17703,14.0,27370,5318.7,Strong
ONGC,0.0,32.0,13102,10.0,20052,3940.2,Strong
ONGC,0.0,19.0,29169,19.0,41718,8756.4,Strong
ONGC,0.0,18.0,26068,17.0,39208,7825.799999999999,Strong
ONGC,0.0,18.0,33938,24.0,54846,10186.8,Strong
ONGC,0.0,13.0,11456,9.0,18962,3440.7,Strong
ONGC,0.0,16.0,21360,13.0,30126,6412.8,Strong
ONGC,0.0,16.0,49294,36.0,54091,14792.999999999998,Strong
ONGC,0.0,12.0,32778,28.0,43051,9837.0,Strong
ONGC,0.0,17.0,57101,39.0,76860,17135.399999999998,Strong
ONGC,0.0,13.0,42320,33.0,56090,12699.9,Strong
PFC,0.0,35.0,4438,13.0,5994,1341.8999999999999,Strong
PFC,0.0,36.0,5462,17.0,7624,1649.3999999999999,Strong
PFC,0.0,34.0,6004,18.0,8446,1811.4,Strong
PFC,0.0,33.0,6184,19.0,9167,1865.1,Strong
PFC,0.0,19.0,2236,7.0,5264,676.5,Strong
PFC,0.0,24.0,8797,20.0,11779,2646.2999999999997,Strong
PFC,0.0,33.0,12640,30.0,17862,3801.9,Strong
PFC,0.0,23.0,9477,22.0,14093,2850.0,Strong
PFC,0.0,28.0,15716,36.0,19891,4723.2,Strong
PFC,0.0,31.0,18768,42.0,23382,5639.7,Strong
PFC,0.0,34.0,21179,48.0,26496,6363.9,Strong
PFC,0.0,37.0,26461,60.0,33588,7949.4,Strong
PFC,0.0,36.0,28248,64.0,35820,8485.199999999999,Strong
PIDILITIND,0.0,15.0,424,8.0,581,131.7,Strong
PIDILITIND,0.0,16.0,450,9.0,612,139.8,Strong
PIDILITIND,0.0,16.0,514,10.0,678,159.0,Strong
PIDILITIND,0.0,22.0,807,16.0,1141,248.7,Strong
PIDILITIND,0.0,22.0,863,17.0,1248,265.5,Strong
PIDILITIND,0.0,22.0,966,19.0,1359,296.40000000000003,Strong
PIDILITIND,0.0,19.0,928,18.0,1342,284.09999999999997,Strong
PIDILITIND,0.0,22.0,1122,22.0,1470,343.2,Strong
PIDILITIND,0.0,23.0,1126,22.0,1522,344.7,Strong
PIDILITIND,0.0,19.0,1207,24.0,1614,367.79999999999995,Strong
PIDILITIND,0.0,17.0,1289,25.0,1723,391.8,Strong
PIDILITIND,0.0,22.0,1747,34.0,2379,530.7,Strong
PIDILITIND,0.0,23.0,1973,38.0,2673,598.8,Strong
PNB,0.0,0.0,5020,28.0,6786,1506.0,Strong
PNB,0.0,0.0,3674,20.0,4969,1102.2,Strong
PNB,0.0,0.0,3525,18.0,4397,1057.5,Strong
PNB,0.0,0.0,-3510,-19.0,-5293,-1053.0,Weak
PNB,0.0,0.0,1239,6.0,1540,371.7,Strong
PNB,0.0,0.0,-12111,-44.0,-19849,-3633.2999999999997,Weak
PNB,0.0,0.0,-9550,-21.0,-15370,-2865.0,Weak
PNB,0.0,0.0,485,1.0,827,145.5,Strong
PNB,0.0,0.0,2695,2.0,4325,808.5,Strong
PNB,0.0,0.0,3908,4.0,4826,1172.3999999999999,Strong
PNB,0.0,0.0,3359,3.0,5151,1007.6999999999999,Strong
PNB,0.0,0.0,9157,8.0,14160,2747.1,Strong
PNB,0.0,0.0,14535,13.0,21054,4360.5,Strong
POWERGRID,0.0,83.0,4313,5.0,5776,1318.8,Strong
POWERGRID,0.0,83.0,4548,5.0,6359,1389.3,Strong
POWERGRID,0.0,85.0,5046,5.0,6404,1539.3,Strong
POWERGRID,0.0,88.0,5959,6.0,7572,1814.1000000000001,Strong
POWERGRID,0.0,87.0,7451,8.0,9457,2261.3999999999996,Strong
POWERGRID,0.0,87.0,8204,9.0,13471,2487.2999999999997,Strong
POWERGRID,0.0,77.0,10034,11.0,9147,3033.2999999999997,Strong
POWERGRID,0.0,87.0,11059,12.0,14590,3343.7999999999997,Strong
POWERGRID,0.0,88.0,12036,13.0,15501,3637.2,Strong
POWERGRID,0.0,86.0,16824,18.0,19610,5073.0,Strong
POWERGRID,0.0,87.0,15420,17.0,17702,4652.1,Strong
POWERGRID,0.0,87.0,15573,17.0,18514,4698.0,Strong
POWERGRID,0.0,86.0,15712,17.0,19221,4739.4,Strong
RECLTD,0.0,97.0,3833,15.0,5186,1178.9999999999998,Strong
RECLTD,0.0,97.0,4741,18.0,6617,1451.3999999999999,Strong
RECLTD,0.0,94.0,5344,20.0,7552,1631.4,Strong
RECLTD,0.0,93.0,5691,22.0,8147,1735.2,Strong
RECLTD,0.0,92.0,6313,24.0,8972,1921.4999999999998,Strong
RECLTD,0.0,85.0,4451,17.0,5958,1360.8,Strong
RECLTD,0.0,93.0,5741,22.0,8090,1750.2,Strong
RECLTD,0.0,87.0,4972,19.0,7030,1517.6999999999998,Strong
RECLTD,0.0,91.0,8378,32.0,10780,2540.7000000000003,Strong
RECLTD,0.0,88.0,10036,38.0,12431,3037.2,Strong
RECLTD,0.0,95.0,11167,42.0,13898,3378.6,Strong
RECLTD,0.0,101.0,14145,54.0,17960,4273.8,Strong
RECLTD,0.0,99.0,14885,57.0,18848,4495.2,Strong
RELIANCE,0.0,8.0,20886,15.0,26217,6268.2,Strong
RELIANCE,0.0,8.0,22548,16.0,28763,6766.799999999999,Strong
RELIANCE,0.0,10.0,23640,17.0,31114,7095.0,Strong
RELIANCE,0.0,15.0,29861,22.0,38737,8962.8,Strong
RELIANCE,0.0,15.0,29833,22.0,40034,8954.4,Strong
RELIANCE,0.0,16.0,36080,27.0,49426,10828.8,Strong
RELIANCE,0.0,15.0,39837,29.0,55227,11955.6,Strong
RELIANCE,0.0,15.0,39880,29.0,53606,11968.5,Strong
RELIANCE,0.0,17.0,53739,39.0,55461,16126.8,Strong
RELIANCE,0.0,16.0,67845,45.0,83815,20358.3,Strong
RELIANCE,0.0,16.0,74088,49.0,94464,22231.199999999997,Strong
RELIANCE,0.0,18.0,79020,51.0,104727,23711.4,Strong
RELIANCE,0.0,17.0,79941,51.0,104634,23987.399999999998,Strong
SBILIFE,5.0,3.0,630,6.0,690,191.9,Strong
SBILIFE,3.0,3.0,630,6.0,690,191.1,Strong
SBILIFE,12.0,3.0,630,6.0,690,194.7,Strong
SBILIFE,10.0,3.0,630,6.0,690,193.9,Strong
SBILIFE,5.0,3.0,728,7.0,816,221.3,Strong
SBILIFE,3.0,3.0,728,7.0,816,220.5,Strong
SBILIFE,12.0,3.0,728,7.0,816,224.1,Strong
SBILIFE,10.0,3.0,728,7.0,816,223.3,Strong
SBILIFE,5.0,3.0,815,8.0,939,247.4,Strong
SBILIFE,3.0,3.0,815,8.0,939,246.6,Strong
SBILIFE,12.0,3.0,815,8.0,939,250.2,Strong
SBILIFE,10.0,3.0,815,8.0,939,249.4,Strong
SBILIFE,5.0,5.0,844,8.0,1007,256.7,Strong
SBILIFE,3.0,5.0,844,8.0,1007,255.89999999999998,Strong
SBILIFE,12.0,5.0,844,8.0,1007,259.5,Strong
SBILIFE,10.0,5.0,844,8.0,1007,258.7,Strong
SBILIFE,5.0,4.0,955,10.0,1154,289.7,Strong
SBILIFE,3.0,4.0,955,10.0,1154,288.9,Strong
SBILIFE,12.0,4.0,955,10.0,1154,292.5,Strong
SBILIFE,10.0,4.0,955,10.0,1154,291.7,Strong
SBILIFE,5.0,4.0,1150,12.0,1422,348.2,Strong
SBILIFE,3.0,4.0,1150,12.0,1422,347.4,Strong
SBILIFE,12.0,4.0,1150,12.0,1422,351.0,Strong
SBILIFE,10.0,4.0,1150,12.0,1422,350.2,Strong
SBILIFE,5.0,3.0,1327,13.0,1642,400.99999999999994,Strong
SBILIFE,3.0,3.0,1327,13.0,1642,400.2,Strong
SBILIFE,12.0,3.0,1327,13.0,1642,403.79999999999995,Strong
SBILIFE,10.0,3.0,1327,13.0,1642,402.99999999999994,Strong
SBILIFE,5.0,3.0,1422,14.0,1790,429.49999999999994,Strong
SBILIFE,3.0,3.0,1422,14.0,1790,428.7,Strong
SBILIFE,12.0,3.0,1422,14.0,1790,432.29999999999995,Strong
SBILIFE,10.0,3.0,1422,14.0,1790,431.49999999999994,Strong
SBILIFE,5.0,1.0,1456,15.0,1640,439.1,Strong
SBILIFE,3.0,1.0,1456,15.0,1640,438.3,Strong
SBILIFE,12.0,1.0,1456,15.0,1640,441.90000000000003,Strong
SBILIFE,10.0,1.0,1456,15.0,1640,441.1,Strong
SBILIFE,5.0,1.0,1506,15.0,1687,454.1,Strong
SBILIFE,3.0,1.0,1506,15.0,1687,453.3,Strong
SBILIFE,12.0,1.0,1506,15.0,1687,456.90000000000003,Strong
SBILIFE,10.0,1.0,1506,15.0,1687,456.1,Strong
SBILIFE,5.0,0.0,1721,17.0,1906,518.3,Strong
SBILIFE,3.0,0.0,1721,17.0,1906,517.5,Strong
SBILIFE,12.0,0.0,1721,17.0,1906,521.0999999999999,Strong
SBILIFE,10.0,0.0,1721,17.0,1906,520.3,Strong
SBILIFE,5.0,0.0,1894,19.0,2078,570.1999999999999,Strong
SBILIFE,3.0,0.0,1894,19.0,2078,569.4,Strong
SBILIFE,12.0,0.0,1894,19.0,2078,572.9999999999999,Strong
SBILIFE,10.0,0.0,1894,19.0,2078,572.1999999999999,Strong
SBILIFE,5.0,1.0,2411,24.0,2643,725.5999999999999,Strong
SBILIFE,3.0,1.0,2411,24.0,2643,724.8,Strong
SBILIFE,12.0,1.0,2411,24.0,2643,728.4,Strong
SBILIFE,10.0,1.0,2411,24.0,2643,727.5999999999999,Strong
SBIN,0.0,-3.0,18555,26.0,25882,5565.6,Strong
SBIN,0.0,-8.0,14807,19.0,21326,4439.7,Strong
SBIN,0.0,-11.0,17832,23.0,25855,5346.299999999999,Strong
SBIN,0.0,-15.0,13019,16.0,18177,3901.2,Strong
SBIN,0.0,-28.0,-97,0.0,945,-37.5,Weak
SBIN,0.0,-38.0,-3749,-5.0,-12245,-1136.1000000000001,Weak
SBIN,0.0,-27.0,3351,3.0,5220,997.1999999999999,Strong
SBIN,0.0,-24.0,21140,22.0,30317,6334.8,Strong
SBIN,0.0,-25.0,23888,25.0,32796,7158.9,Strong
SBIN,0.0,-22.0,37183,40.0,49739,11148.3,Strong
SBIN,0.0,-12.0,57750,62.0,75399,17321.4,Strong
SBIN,0.0,-14.0,69543,75.0,91240,20858.699999999997,Strong
SBIN,0.0,-13.0,74461,80.0,97999,22334.399999999998,Strong
SHREECEM,0.0,29.0,1004,288.0,1119,309.9,Strong
SHREECEM,0.0,24.0,787,226.0,815,243.29999999999998,Strong
SHREECEM,0.0,21.0,426,122.0,401,134.1,Strong
SHREECEM,0.0,26.0,1143,328.0,1176,350.7,Strong
SHREECEM,0.0,29.0,1339,384.0,1531,410.4,Strong
SHREECEM,0.0,25.0,1384,397.0,1827,422.7,Strong
SHREECEM,0.0,22.0,1015,289.0,1146,311.1,Strong
SHREECEM,0.0,29.0,1544,426.0,1934,471.9,Strong
SHREECEM,0.0,30.0,2337,646.0,3004,710.1,Strong
SHREECEM,0.0,25.0,1269,352.0,2892,388.2,Strong
SHREECEM,0.0,17.0,2369,664.0,1495,715.8,Strong
SHREECEM,0.0,22.0,1733,480.0,2959,526.5,Strong
SHREECEM,0.0,21.0,1733,480.0,2049,526.1999999999999,Strong
SHRIRAMFIN,0.0,31.0,1463,12.0,2163,448.2,Strong
SHRIRAMFIN,0.0,24.0,1358,11.0,1970,414.59999999999997,Strong
SHRIRAMFIN,0.0,18.0,1028,8.0,1650,313.79999999999995,Strong
SHRIRAMFIN,0.0,18.0,1184,9.0,1789,360.59999999999997,Strong
SHRIRAMFIN,0.0,18.0,1266,10.0,1938,385.2,Strong
SHRIRAMFIN,0.0,28.0,2549,20.0,3896,773.0999999999999,Strong
SHRIRAMFIN,0.0,24.0,2576,20.0,3778,780.0,Strong
SHRIRAMFIN,0.0,22.0,2512,20.0,3439,760.2,Strong
SHRIRAMFIN,0.0,20.0,2499,18.0,3278,755.6999999999999,Strong
SHRIRAMFIN,0.0,19.0,2721,20.0,3549,822.0,Strong
SHRIRAMFIN,0.0,29.0,6020,32.0,8214,1814.7,Strong
SHRIRAMFIN,0.0,29.0,7399,39.0,9960,2228.3999999999996,Strong
SHRIRAMFIN,0.0,29.0,9454,50.0,12588,2844.8999999999996,Strong
SIEMENS,0.0,10.0,868,0.0,1290,263.4,Strong
SIEMENS,0.0,1.0,603,17.0,844,181.20000000000002,Strong
SIEMENS,0.0,9.0,1174,33.0,1688,354.9,Strong
SIEMENS,0.0,9.0,2914,82.0,3938,876.9,Strong
SIEMENS,0.0,10.0,1137,32.0,1669,344.09999999999997,Strong
SIEMENS,0.0,10.0,901,25.0,1402,273.3,Strong
SIEMENS,0.0,11.0,1099,31.0,1678,333.0,Strong
SIEMENS,0.0,10.0,769,22.0,1036,233.7,Strong
SIEMENS,0.0,11.0,1089,31.0,1452,330.0,Strong
SIEMENS,0.0,12.0,1543,43.0,1993,466.5,Strong
SIEMENS,0.0,13.0,1962,55.0,2640,592.5,Strong
SIEMENS,0.0,14.0,2718,76.0,3639,819.6,Strong
SUNPHARMA,0.0,43.0,3469,14.0,4315,1053.6000000000001,Strong
SUNPHARMA,0.0,44.0,3879,15.0,4581,1176.9,Strong
SUNPHARMA,0.0,29.0,5476,22.0,6403,1651.5,Strong
SUNPHARMA,0.0,29.0,5658,19.0,6571,1706.1,Strong
SUNPHARMA,0.0,32.0,7846,29.0,9048,2363.3999999999996,Strong
SUNPHARMA,0.0,21.0,2542,9.0,3479,768.9,Strong
SUNPHARMA,0.0,22.0,3208,11.0,3810,969.0,Strong
SUNPHARMA,0.0,21.0,4172,16.0,5010,1257.8999999999999,Strong
SUNPHARMA,0.0,25.0,2272,12.0,2799,689.1,Strong
SUNPHARMA,0.0,27.0,3389,14.0,4481,1024.8,Strong
SUNPHARMA,0.0,27.0,8513,35.0,9408,2562.0,Strong
SUNPHARMA,0.0,28.0,9610,40.0,11088,2891.4,Strong
SUNPHARMA,0.0,27.0,11117,46.0,12837,3343.2,Strong
TATACONSUM,0.0,10.0,445,6.0,637,136.5,Strong
TATACONSUM,0.0,10.0,510,7.0,707,156.0,Strong
TATACONSUM,0.0,10.0,273,4.0,500,84.89999999999999,Moderate
TATACONSUM,0.0,6.0,-37,0.0,170,-9.3,Weak
TATACONSUM,0.0,12.0,455,6.0,662,140.1,Strong
TATACONSUM,0.0,12.0,556,8.0,753,170.39999999999998,Strong
TATACONSUM,0.0,11.0,457,6.0,735,140.4,Strong
TATACONSUM,0.0,13.0,460,5.0,809,141.9,Strong
TATACONSUM,0.0,13.0,930,9.0,1311,282.9,Strong
TATACONSUM,0.0,14.0,1015,10.0,1456,308.7,Strong
TATACONSUM,0.0,13.0,1320,12.0,1794,399.9,Strong
TATACONSUM,0.0,15.0,1215,12.0,1696,369.0,Strong
TATACONSUM,0.0,15.0,1170,12.0,1560,355.5,Strong
TATAMOTORS,0.0,13.0,9976,35.0,13647,2996.7,Strong
TATAMOTORS,0.0,15.0,14050,48.0,18869,4219.5,Strong
TATAMOTORS,0.0,15.0,14073,48.0,21703,4226.4,Strong
TATAMOTORS,0.0,14.0,11678,40.0,14126,3507.6,Strong
TATAMOTORS,0.0,11.0,7557,26.0,9315,2270.4,Strong
TATAMOTORS,0.0,11.0,9091,31.0,11155,2730.6,Strong
TATAMOTORS,0.0,8.0,-28724,-100.0,-31371,-8614.8,Weak
TATAMOTORS,0.0,7.0,-11975,-39.0,-10580,-3590.4,Weak
TATAMOTORS,0.0,13.0,-13395,-41.0,-10474,-4014.6,Weak
TATAMOTORS,0.0,9.0,-11309,-34.0,-7003,-3390.0,Weak
TATAMOTORS,0.0,9.0,2690,7.0,3394,809.7,Strong
TATAMOTORS,0.0,14.0,31807,94.0,27955,9546.300000000001,Strong
TATAMOTORS,0.0,14.0,33816,99.0,31693,10149.0,Strong
TATAPOWER,0.0,17.0,123,0.0,1277,42.0,Weak
TATAPOWER,0.0,19.0,12,-1.0,975,9.3,Weak
TATAPOWER,0.0,19.0,457,1.0,1484,142.79999999999998,Strong
TATAPOWER,0.0,7.0,786,2.0,1281,237.89999999999998,Strong
TATAPOWER,0.0,20.0,1100,3.0,1450,336.0,Strong
TATAPOWER,0.0,9.0,2611,9.0,2773,786.0,Strong
TATAPOWER,0.0,10.0,2606,9.0,3693,784.8,Strong
TATAPOWER,0.0,23.0,1316,4.0,1958,401.7,Strong
TATAPOWER,0.0,21.0,1439,4.0,1941,438.0,Strong
TATAPOWER,0.0,16.0,2156,5.0,2535,651.5999999999999,Strong
TATAPOWER,0.0,14.0,3810,10.0,5457,1147.2,Strong
TATAPOWER,0.0,17.0,4280,12.0,5732,1289.1,Strong
TATAPOWER,0.0,17.0,4403,12.0,6289,1325.9999999999998,Strong
TATASTEEL,0.0,3.0,-7272,-6.0,-4133,-2180.7,Weak
TATASTEEL,0.0,11.0,3665,3.0,6722,1102.8,Strong
TATASTEEL,0.0,2.0,-3939,-3.0,-1388,-1181.1000000000001,Weak
TATASTEEL,0.0,-1.0,-497,0.0,193,-149.4,Weak
TATASTEEL,0.0,12.0,-4169,-4.0,-1391,-1247.1000000000001,Weak
TATASTEEL,0.0,17.0,17743,12.0,21135,5328.0,Strong
TATASTEEL,0.0,19.0,9122,9.0,15841,2742.2999999999997,Strong
TATASTEEL,0.0,12.0,1174,1.0,-1395,355.8,Strong
TATASTEEL,0.0,20.0,8190,6.0,13844,2463.0,Strong
TATASTEEL,0.0,26.0,41749,33.0,50227,12532.499999999998,Strong
TATASTEEL,0.0,13.0,8075,7.0,18235,2426.4,Strong
TATASTEEL,0.0,10.0,-4910,-4.0,-1147,-1470.0,Weak
TATASTEEL,0.0,11.0,2527,2.0,8022,761.4,Strong
TCS,10.0,29.0,14076,36.0,18090,4235.5,Strong
TCS,5.0,29.0,14076,36.0,18090,4233.5,Strong
TCS,3.0,29.0,14076,36.0,18090,4232.7,Strong
TCS,52.0,29.0,14076,36.0,18090,4252.3,Strong
TCS,10.0,31.0,19332,49.0,25402,5812.9,Strong
TCS,5.0,31.0,19332,49.0,25402,5810.9,Strong
TCS,3.0,31.0,19332,49.0,25402,5810.099999999999,Strong
TCS,52.0,31.0,19332,49.0,25402,5829.7,Strong
TCS,10.0,26.0,20060,51.0,26298,6029.8,Strong
TCS,5.0,26.0,20060,51.0,26298,6027.8,Strong
TCS,3.0,26.0,20060,51.0,26298,6027.0,Strong
TCS,52.0,26.0,20060,51.0,26298,6046.6,Strong
TCS,10.0,28.0,24338,62.0,31840,7313.799999999999,Strong
TCS,5.0,28.0,24338,62.0,31840,7311.799999999999,Strong
TCS,3.0,28.0,24338,62.0,31840,7311.0,Strong
TCS,52.0,28.0,24338,62.0,31840,7330.599999999999,Strong
TCS,10.0,27.0,26357,67.0,34513,7919.2,Strong
TCS,5.0,27.0,26357,67.0,34513,7917.2,Strong
TCS,3.0,27.0,26357,67.0,34513,7916.4,Strong
TCS,52.0,27.0,26357,67.0,34513,7935.999999999999,Strong
TCS,10.0,26.0,25880,67.0,34092,7775.8,Strong
TCS,5.0,26.0,25880,67.0,34092,7773.8,Strong
TCS,3.0,26.0,25880,67.0,34092,7773.0,Strong
TCS,52.0,26.0,25880,67.0,34092,7792.6,Strong
TCS,10.0,27.0,31562,84.0,41563,9480.7,Strong
TCS,5.0,27.0,31562,84.0,41563,9478.7,Strong
TCS,3.0,27.0,31562,84.0,41563,9477.9,Strong
TCS,52.0,27.0,31562,84.0,41563,9497.5,Strong
TCS,10.0,27.0,32447,86.0,42248,9746.2,Strong
TCS,5.0,27.0,32447,86.0,42248,9744.2,Strong
TCS,3.0,27.0,32447,86.0,42248,9743.4,Strong
TCS,52.0,27.0,32447,86.0,42248,9763.0,Strong
TCS,10.0,28.0,32562,88.0,43760,9781.0,Strong
TCS,5.0,28.0,32562,88.0,43760,9779.0,Strong
TCS,3.0,28.0,32562,88.0,43760,9778.2,Strong
TCS,52.0,28.0,32562,88.0,43760,9797.800000000001,Strong
TCS,10.0,28.0,38449,105.0,51687,11547.099999999999,Strong
TCS,5.0,28.0,38449,105.0,51687,11545.099999999999,Strong
TCS,3.0,28.0,38449,105.0,51687,11544.3,Strong
TCS,52.0,28.0,38449,105.0,51687,11563.9,Strong
TCS,10.0,26.0,42303,115.0,56907,12702.699999999999,Strong
TCS,5.0,26.0,42303,115.0,56907,12700.699999999999,Strong
TCS,3.0,26.0,42303,115.0,56907,12699.9,Strong
TCS,52.0,26.0,42303,115.0,56907,12719.5,Strong
TCS,10.0,27.0,46099,127.0,61997,13841.8,Strong
TCS,5.0,27.0,46099,127.0,61997,13839.8,Strong
TCS,3.0,27.0,46099,127.0,61997,13838.999999999998,Strong
TCS,52.0,27.0,46099,127.0,61997,13858.599999999999,Strong
TCS,10.0,27.0,49006,135.0,65778,14713.9,Strong
TCS,5.0,27.0,49006,135.0,65778,14711.9,Strong
TCS,3.0,27.0,49006,135.0,65778,14711.099999999999,Strong
TCS,52.0,27.0,49006,135.0,65778,14730.699999999999,Strong
TECHM,0.0,21.0,1307,25.0,978,398.4,Strong
TECHM,0.0,22.0,3062,32.0,3815,925.2,Strong
TECHM,0.0,19.0,2659,27.0,3618,803.4,Strong
TECHM,0.0,16.0,3027,31.0,3857,912.9,Strong
TECHM,0.0,14.0,2851,29.0,3853,859.5,Strong
TECHM,0.0,15.0,3786,39.0,4879,1140.3,Strong
TECHM,0.0,18.0,4289,44.0,5543,1292.1000000000001,Strong
TECHM,0.0,15.0,3897,42.0,5058,1173.6,Strong
TECHM,0.0,18.0,4353,46.0,5953,1311.3,Strong
TECHM,0.0,18.0,5630,57.0,7452,1694.4,Strong
TECHM,0.0,15.0,4857,50.0,6446,1461.6,Strong
TECHM,0.0,9.0,2397,24.0,3224,721.8000000000001,Strong
TECHM,0.0,12.0,3775,38.0,5148,1136.1,Strong
TITAN,0.0,10.0,725,8.0,1006,220.5,Strong
TITAN,0.0,10.0,735,8.0,1010,223.5,Strong
TITAN,0.0,10.0,816,9.0,1049,247.79999999999998,Strong
TITAN,0.0,8.0,675,8.0,868,204.9,Strong
TITAN,0.0,9.0,697,8.0,973,211.79999999999998,Strong
TITAN,0.0,10.0,1102,13.0,1530,333.59999999999997,Strong
TITAN,0.0,10.0,1389,16.0,1957,419.7,Strong
TITAN,0.0,12.0,1493,17.0,2102,451.5,Strong
TITAN,0.0,8.0,974,11.0,1327,294.59999999999997,Strong
TITAN,0.0,12.0,2198,24.0,2904,663.0,Strong
TITAN,0.0,12.0,3274,37.0,4447,985.8,Strong
TITAN,0.0,10.0,3496,39.0,4623,1051.8,Strong
TITAN,0.0,10.0,3243,37.0,4290,975.9,Strong
TORNTPHARM,0.0,22.0,435,13.0,582,137.1,Strong
TORNTPHARM,0.0,23.0,664,20.0,844,206.1,Strong
TORNTPHARM,0.0,22.0,751,22.0,940,231.89999999999998,Strong
TORNTPHARM,0.0,41.0,1733,51.0,2343,532.1999999999999,Strong
TORNTPHARM,0.0,24.0,934,28.0,1088,287.4,Strong
TORNTPHARM,0.0,23.0,678,20.0,931,210.3,Strong
TORNTPHARM,0.0,26.0,436,13.0,562,138.6,Strong
TORNTPHARM,0.0,27.0,1025,30.0,1187,315.6,Strong
TORNTPHARM,0.0,31.0,1252,37.0,1526,384.9,Strong
TORNTPHARM,0.0,29.0,777,23.0,1226,241.79999999999998,Strong
TORNTPHARM,0.0,30.0,1245,37.0,1847,382.5,Strong
TORNTPHARM,0.0,31.0,1656,49.0,2352,506.09999999999997,Strong
TORNTPHARM,0.0,32.0,1862,55.0,2639,568.2,Strong
TRENT,0.0,0.0,-27,-1.0,-10,-8.1,Weak
TRENT,0.0,0.0,-19,-1.0,1,-5.7,Weak
TRENT,0.0,4.0,129,4.0,200,39.9,Weak
TRENT,0.0,5.0,55,2.0,90,18.0,Weak
TRENT,0.0,7.0,85,3.0,128,27.6,Weak
TRENT,0.0,10.0,87,3.0,147,29.099999999999998,Weak
TRENT,0.0,9.0,95,3.0,165,31.2,Weak
TRENT,0.0,15.0,106,3.0,165,36.3,Weak
TRENT,0.0,4.0,-181,-4.0,-205,-53.099999999999994,Weak
TRENT,0.0,13.0,35,3.0,111,14.4,Weak
TRENT,0.0,14.0,394,13.0,552,122.39999999999999,Strong
TRENT,0.0,16.0,1477,42.0,1921,447.9,Strong
TRENT,0.0,16.0,1809,51.0,2362,547.4999999999999,Strong
TVSMOTOR,0.0,6.0,198,4.0,290,61.199999999999996,Moderate
TVSMOTOR,0.0,6.0,187,4.0,307,57.9,Moderate
TVSMOTOR,0.0,6.0,328,7.0,444,100.19999999999999,Strong
TVSMOTOR,0.0,7.0,429,9.0,580,130.79999999999998,Strong
TVSMOTOR,0.0,7.0,509,11.0,658,154.79999999999998,Strong
TVSMOTOR,0.0,10.0,665,14.0,931,202.5,Strong
TVSMOTOR,0.0,11.0,725,15.0,1083,220.8,Strong
TVSMOTOR,0.0,12.0,647,13.0,865,197.7,Strong
TVSMOTOR,0.0,11.0,608,13.0,822,185.70000000000002,Strong
TVSMOTOR,0.0,11.0,731,16.0,1067,222.6,Strong
TVSMOTOR,0.0,13.0,1309,28.0,1936,396.59999999999997,Strong
TVSMOTOR,0.0,14.0,1779,36.0,2703,537.9,Strong
TVSMOTOR,0.0,14.0,2094,42.0,3182,632.4,Strong
ULTRACEMCO,0.0,24.0,2688,98.0,3867,813.6,Strong
ULTRACEMCO,0.0,19.0,2213,80.0,2858,669.6,Strong
ULTRACEMCO,0.0,19.0,2102,76.0,2986,636.3000000000001,Strong
ULTRACEMCO,0.0,19.0,2480,90.0,3421,749.7,Strong
ULTRACEMCO,0.0,21.0,2714,99.0,3872,820.4999999999999,Strong
ULTRACEMCO,0.0,20.0,2224,81.0,3301,673.1999999999999,Strong
ULTRACEMCO,0.0,18.0,2400,88.0,3468,725.4,Strong
ULTRACEMCO,0.0,22.0,5751,199.0,5183,1731.8999999999999,Strong
ULTRACEMCO,0.0,26.0,5462,189.0,8001,1646.3999999999999,Strong
ULTRACEMCO,0.0,22.0,7334,254.0,8524,2206.7999999999997,Strong
ULTRACEMCO,0.0,17.0,5073,175.0,7416,1526.9999999999998,Strong
ULTRACEMCO,0.0,18.0,7004,243.0,9422,2106.6,Strong
ULTRACEMCO,0.0,17.0,6252,216.0,8101,1880.6999999999998,Strong
UNIONBANK,0.0,1.0,2146,36.0,3037,644.0999999999999,Strong
UNIONBANK,0.0,-3.0,1687,27.0,2040,505.2,Strong
UNIONBANK,0.0,-3.0,1771,28.0,2759,530.4,Strong
UNIONBANK,0.0,-6.0,1347,20.0,1758,402.29999999999995,Strong
UNIONBANK,0.0,-15.0,573,8.0,359,167.4,Strong
UNIONBANK,0.0,-36.0,-5212,-45.0,-6607,-1574.3999999999999,Weak
UNIONBANK,0.0,-25.0,-2922,-17.0,-3933,-884.1,Weak
UNIONBANK,0.0,-25.0,-3121,-9.0,-4151,-943.8,Weak
UNIONBANK,0.0,-16.0,2863,4.0,2327,854.1,Strong
UNIONBANK,0.0,-6.0,5265,8.0,8566,1577.7,Strong
UNIONBANK,0.0,-4.0,8512,12.0,12147,2552.4,Strong
UNIONBANK,0.0,5.0,13797,18.0,21508,4140.599999999999,Strong
UNIONBANK,0.0,2.0,16344,21.0,22530,4903.8,Strong
UNITDSPR,0.0,11.0,-105,-2.0,73,-28.2,Weak
UNITDSPR,0.0,-32.0,-4489,-62.0,-4213,-1356.3,Weak
UNITDSPR,0.0,-4.0,-1687,-23.0,-1635,-507.29999999999995,Weak
UNITDSPR,0.0,4.0,143,2.0,366,44.1,Weak
UNITDSPR,0.0,11.0,93,1.0,163,31.2,Weak
UNITDSPR,0.0,14.0,652,9.0,912,199.79999999999998,Strong
UNITDSPR,0.0,15.0,684,10.0,1012,209.7,Strong
UNITDSPR,0.0,17.0,621,9.0,1160,191.39999999999998,Strong
UNITDSPR,0.0,13.0,362,5.0,540,112.5,Strong
UNITDSPR,0.0,16.0,811,11.0,1087,248.1,Strong
UNITDSPR,0.0,13.0,1126,16.0,1279,341.7,Strong
UNITDSPR,0.0,18.0,1408,19.0,1857,427.79999999999995,Strong
UNITDSPR,0.0,18.0,1402,19.0,1905,425.99999999999994,Strong
VBL,0.0,13.0,25,2.0,21,11.4,Weak
VBL,0.0,14.0,-40,0.0,-46,-7.8,Weak
VBL,0.0,15.0,-20,0.0,4,-1.5,Weak
VBL,0.0,19.0,113,1.0,191,39.6,Weak
VBL,0.0,21.0,48,0.0,79,20.7,Weak
VBL,0.0,21.0,214,1.0,291,70.5,Moderate
VBL,0.0,20.0,300,1.0,434,96.0,Moderate
VBL,0.0,21.0,472,1.0,696,147.9,Strong
VBL,0.0,19.0,357,1.0,363,112.8,Strong
VBL,0.0,19.0,746,2.0,1007,229.49999999999997,Strong
VBL,0.0,22.0,1550,5.0,2024,471.6,Strong
VBL,0.0,23.0,2102,6.0,2739,637.5,Strong
VBL,0.0,24.0,2582,8.0,3367,781.8000000000001,Strong
VEDL,0.0,17.0,2280,26.0,-174,689.1,Strong
VEDL,0.0,30.0,11421,21.0,9493,3435.2999999999997,Strong
VEDL,0.0,30.0,-11369,-53.0,-9925,-3401.7,Weak
VEDL,0.0,-29.0,-17862,-41.0,-28540,-5367.299999999999,Weak
VEDL,0.0,30.0,11316,23.0,13652,3403.7999999999997,Strong
VEDL,0.0,27.0,13692,28.0,19569,4115.7,Strong
VEDL,0.0,25.0,9698,19.0,13560,2916.9,Strong
VEDL,0.0,25.0,-4744,-18.0,-8259,-1415.7,Weak
VEDL,0.0,31.0,15032,31.0,17213,4518.9,Strong
VEDL,0.0,34.0,23710,51.0,32964,7123.2,Strong
VEDL,0.0,23.0,14503,28.0,20276,4357.799999999999,Strong
VEDL,0.0,25.0,7539,11.0,20363,2269.2,Strong
VEDL,0.0,26.0,15841,30.0,21659,4760.1,Strong
WIPRO,10.0,20.0,6182,5.0,7869,1864.6,Strong
WIPRO,5.0,20.0,6182,5.0,7869,1862.6,Strong
WIPRO,3.0,20.0,6182,5.0,7869,1861.8,Strong
WIPRO,14.0,20.0,6182,5.0,7869,1866.1999999999998,Strong
WIPRO,10.0,22.0,7991,6.0,10114,2407.8999999999996,Strong
WIPRO,5.0,22.0,7991,6.0,10114,2405.8999999999996,Strong
WIPRO,3.0,22.0,7991,6.0,10114,2405.1,Strong
WIPRO,14.0,22.0,7991,6.0,10114,2409.4999999999995,Strong
WIPRO,10.0,22.0,8714,7.0,11224,2624.7999999999997,Strong
WIPRO,5.0,22.0,8714,7.0,11224,2622.7999999999997,Strong
WIPRO,3.0,22.0,8714,7.0,11224,2622.0,Strong
WIPRO,14.0,22.0,8714,7.0,11224,2626.3999999999996,Strong
WIPRO,10.0,21.0,8957,7.0,11494,2697.4,Strong
WIPRO,5.0,21.0,8957,7.0,11494,2695.4,Strong
WIPRO,3.0,21.0,8957,7.0,11494,2694.6,Strong
WIPRO,14.0,21.0,8957,7.0,11494,2699.0,Strong
WIPRO,10.0,20.0,8518,7.0,11039,2565.4,Strong
WIPRO,5.0,20.0,8518,7.0,11039,2563.4,Strong
WIPRO,3.0,20.0,8518,7.0,11039,2562.6,Strong
WIPRO,14.0,20.0,8518,7.0,11039,2567.0,Strong
WIPRO,10.0,19.0,8003,7.0,10242,2410.6,Strong
WIPRO,5.0,19.0,8003,7.0,10242,2408.6,Strong
WIPRO,3.0,19.0,8003,7.0,10242,2407.8,Strong
WIPRO,14.0,19.0,8003,7.0,10242,2412.2000000000003,Strong
WIPRO,10.0,20.0,9018,7.0,11542,2715.4,Strong
WIPRO,5.0,20.0,9018,7.0,11542,2713.4,Strong
WIPRO,3.0,20.0,9018,7.0,11542,2712.6,Strong
WIPRO,14.0,20.0,9018,7.0,11542,2717.0,Strong
WIPRO,10.0,20.0,9772,9.0,12252,2941.6,Strong
WIPRO,5.0,20.0,9772,9.0,12252,2939.6,Strong
WIPRO,3.0,20.0,9772,9.0,12252,2938.7999999999997,Strong
WIPRO,14.0,20.0,9772,9.0,12252,2943.2,Strong
WIPRO,10.0,24.0,10868,10.0,13903,3271.6,Strong
WIPRO,5.0,24.0,10868,10.0,13903,3269.6,Strong
WIPRO,3.0,24.0,10868,10.0,13903,3268.8,Strong
WIPRO,14.0,24.0,10868,10.0,13903,3273.2000000000003,Strong
WIPRO,10.0,21.0,12243,11.0,15141,3683.2000000000003,Strong
WIPRO,5.0,21.0,12243,11.0,15141,3681.2000000000003,Strong
WIPRO,3.0,21.0,12243,11.0,15141,3680.4,Strong
WIPRO,14.0,21.0,12243,11.0,15141,3684.8,Strong
WIPRO,10.0,19.0,11366,10.0,14766,3419.4999999999995,Strong
WIPRO,5.0,19.0,11366,10.0,14766,3417.4999999999995,Strong
WIPRO,3.0,19.0,11366,10.0,14766,3416.7,Strong
WIPRO,14.0,19.0,11366,10.0,14766,3421.1,Strong
WIPRO,10.0,19.0,11112,11.0,14721,3343.2999999999997,Strong
WIPRO,5.0,19.0,11112,11.0,14721,3341.2999999999997,Strong
WIPRO,3.0,19.0,11112,11.0,14721,3340.5,Strong
WIPRO,14.0,19.0,11112,11.0,14721,3344.9,Strong
WIPRO,10.0,20.0,12488,12.0,16615,3756.3999999999996,Strong
WIPRO,5.0,20.0,12488,12.0,16615,3754.3999999999996,Strong
WIPRO,3.0,20.0,12488,12.0,16615,3753.5999999999995,Strong
WIPRO,14.0,20.0,12488,12.0,16615,3757.9999999999995,Strong
ZOMATO,0.0,-20.0,-107,-3070.0,-107,-38.1,Weak
ZOMATO,0.0,-171.0,-1010,-28574.0,-1010,-354.3,Weak
ZOMATO,0.0,-88.0,-2386,-70097.0,-2386,-742.1999999999999,Weak
ZOMATO,0.0,-23.0,-816,-23124.0,-815,-251.7,Weak
ZOMATO,0.0,-44.0,-1222,-2.0,-1220,-379.79999999999995,Weak
ZOMATO,0.0,-17.0,-971,-1.0,-1015,-296.40000000000003,Weak
ZOMATO,0.0,0.0,351,0.0,291,105.3,Strong
ZOMATO,0.0,4.0,663,1.0,761,200.1,Strong
ZYDUSLIFE,0.0,18.0,690,6.0,809,212.4,Strong
ZYDUSLIFE,0.0,17.0,836,8.0,942,255.89999999999998,Strong
ZYDUSLIFE,0.0,20.0,1188,11.0,1446,362.4,Strong
ZYDUSLIFE,0.0,25.0,1964,19.0,2099,596.6999999999999,Strong
ZYDUSLIFE,0.0,20.0,1517,15.0,1612,461.09999999999997,Strong
ZYDUSLIFE,0.0,24.0,1810,17.0,2312,550.2,Strong
ZYDUSLIFE,0.0,23.0,1899,18.0,2382,576.5999999999999,Strong
ZYDUSLIFE,0.0,20.0,1204,11.0,1495,367.2,Strong
ZYDUSLIFE,0.0,24.0,2185,21.0,2331,662.7,Strong
ZYDUSLIFE,0.0,22.0,4618,44.0,5084,1391.9999999999998,Strong
ZYDUSLIFE,0.0,22.0,2092,19.0,2585,634.2,Strong
ZYDUSLIFE,0.0,28.0,3973,38.0,4832,1200.3,Strong
ZYDUSLIFE,0.0,29.0,4439,43.0,5668,1340.4,Strong
INDIGO,0.0,855.0,787,25647.0,993,492.6,Strong
INDIGO,0.0,433.0,474,15454.0,475,272.1,Strong
INDIGO,0.0,1904.0,1304,42481.0,1847,962.3999999999999,Strong
INDIGO,0.0,3164.0,1986,55.0,2824,1545.0,Strong
INDIGO,0.0,2219.0,1659,46.0,2144,1163.3999999999999,Strong
INDIGO,0.0,3030.0,2242,58.0,3127,1581.6,Strong
INDIGO,0.0,-151.0,156,4.0,-149,1.5,Weak
INDIGO,0.0,4069.0,-248,-6.0,-275,1146.3,Strong
INDIGO,0.0,2.0,-6171,-151.0,-5830,-1850.7,Weak
INDIGO,0.0,558.0,-317,-160.0,-6171,72.30000000000001,Moderate
INDIGO,0.0,6521.0,-317,-8.0,-317,1861.2,Strong
INDIGO,0.0,16331.0,8167,212.0,8043,7349.4,Strong
INDIGO,0.0,15908.0,6074,157.0,6182,6594.599999999999,Strong
